aacb,1
acah,1
adic,1
aedf,1
aedj,1
agjg,1
aifj,1
ajfe,1
bbcc,1
bfci,1
bfhf,1
bfja,1
bgfd,1
bghe,1
bhbj,1
bibd,1
biic,1
bijf,1
cahj,1
cbfc,1
ahfd,2
aijf,2
baae,2
bbce,2
bcdb,2
bcee,2
bdbc,2
bdee,2
bdff,2
bdgi,2
iibb,10
iicc,10
iifd,10
ijec,10
ijjd,10
jace,10
jacf,10
jcbd,10
jecj,10
jfje,10
jgah,10
jibf,10
acca,11
acdd,11
acig,11
acjc,11
addj,11
aeia,11
afbi,11
afee,11
agbd,11
ahbi,11
ahcc,11
ahfh,11
bagc,11
bbec,11
bdfg,11
behf,11
bgcf,11
bgfg,11
bifb,11
bijg,11
bjcd,11
bjcg,11
bjdg,11
cafe,11
cahi,11
cbhe,11
cebj,11
ceei,11
chgg,11
dbhi,11
dbie,11
dbij,11
ddja,11
ddjg,11
dede,11
dfcc,11
dfdd,11
dffd,11
dicb,11
eaba,11
eabh,11
eaif,11
ebcf,11
eddh,11
eefg,11
eefj,11
ehag,11
eihf,11
ejha,11
fade,11
fcff,11
fdii,11
febh,11
ffdd,11
fhec,11
fhhj,11
fiaa,11
fiaf,11
figh,11
fjdj,11
gdbb,11
gdbi,11
gfbf,11
gfbi,11
gfha,11
ggbf,11
ghfi,11
gibd,11
gifh,11
hchf,11
hcja,11
hcjh,11
heeb,11
hefg,11
hfah,11
hfjb,11
hgjh,11
hhbf,11
hhcc,11
hide,11
hjbf,11
iahj,11
ibfg,11
ibfj,11
icae,11
icjf,11
idbf,11
ieha,11
beag,2
beah,2
beih,2
bgca,2
bjea,2
cajj,2
cccf,2
ccgj,2
ccja,2
cebe,2
ifbd,11
ifei,11
igeh,11
iggh,11
igjd,11
iice,11
jaai,11
jafd,11
jdfh,11
jdga,11
jdhf,11
jefi,11
jfdi,11
jffc,11
jfjd,11
jhhe,11
jibh,11
jicg,11
jiei,11
jjdg,11
aaec,12
abhj,12
acbd,12
acce,12
aeeb,12
aejc,12
agfj,12
agjh,12
ahad,12
ajcc,12
ajdh,12
bacd,12
bagi,12
bbja,12
bcbb,12
bdfd,12
bdfj,12
bebb,12
bige,12
bjib,12
cbja,12
ccca,12
cdac,12
cdje,12
cefa,12
ceif,12
cfge,12
cfjb,12
cgia,12
chdh,12
ciec,12
ciha,12
dafg,12
dbdh,12
dcbf,12
dcjc,12
dehc,12
dehg,12
dfce,12
dfje,12
dgdc,12
dhgj,12
digb,12
dihf,12
djec,12
djjc,12
eadb,12
eaei,12
ecbj,12
ecef,12
ecfg,12
edff,12
eegd,12
eejg,12
effe,12
ehbb,12
ehfb,12
fahe,12
fbba,12
fead,12
fhaf,12
fiah,12
fjaa,12
fjdf,12
fjjj,12
gaec,12
gcbc,12
gcej,12
gdfd,12
gdjh,12
gdji,12
gfbh,12
gfhb,12
ggfd,12
ggfe,12
ghhb,12
hafg,12
hbdg,12
hbgd,12
hbhg,12
ceib,2
cgdg,2
chbc,2
ched,2
cjge,2
dcbc,2
dcdi,2
ddch,2
ddee,2
degj,2
hdea,12
hdhf,12
heai,12
hebj,12
heci,12
hegh,12
hhfa,12
hhga,12
hiag,12
iabe,12
ibhf,12
iddc,12
iddi,12
idfg,12
idhe,12
ieba,12
igaa,12
ihfj,12
iiej,12
ijdd,12
jbhb,12
jchd,12
jdic,12
jeab,12
jidd,12
jigh,12
jjdi,12
jjic,12
aaic,13
addc,13
aiie,13
ajbj,13
ajch,13
ajhe,13
bcbg,13
bdcg,13
behc,13
bfih,13
bjhj,13
ccai,13
cdcf,13
cgje,13
chjh,13
dbba,13
dcbh,13
dchj,13
ddjb,13
dgdg,13
dgia,13
dhei,13
dhhh,13
dibj,13
diie,13
djfc,13
djig,13
djjd,13
eaed,13
ecba,13
eeic,13
eghf,13
egic,13
ehbe,13
eiji,13
ejbj,13
fahg,13
fbaa,13
fbfc,13
fcci,13
fcfh,13
fcid,13
fddi,13
fgbb,13
fhba,13
fibj,13
fiea,13
figc,13
gcaj,13
gdcj,13
gdja,13
gfjb,13
ggac,13
gjah,13
habd,13
haeg,13
hcfe,13
hdhb,13
heei,13
hgdj,13
hiac,13
hiif,13
hjgb,13
iagb,13
iaja,13
icah,13
icdg,13
icdj,13
icfa,13
idcb,13
idgh,13
ieda,13
dgbc,2
dhdc,2
djai,2
edde,2
edgj,2
edhj,2
ehgi,2
ehjc,2
eida,2
fdag,2
ieea,13
ifgf,13
ifie,13
igfe,13
ihhf,13
jadg,13
jbgh,13
jdfg,13
jdib,13
jebb,13
jeei,13
jeib,13
jejb,13
jfee,13
jgga,13
jhfh,13
jifi,13
jjbc,13
jjhh,13
aaag,14
abbd,14
abdj,14
abfh,14
aceg,14
acei,14
aecg,14
aehj,14
agbb,14
agjb,14
ahee,14
ahhh,14
aidh,14
ajgf,14
bajb,14
bceh,14
bdfb,14
beje,14
bfbc,14
bifg,14
cagd,14
caje,14
cbij,14
cdag,14
degb,14
dfgj,14
dfid,14
dgfc,14
dgif,14
dhcd,14
diah,14
dibb,14
didg,14
diij,14
djgh,14
djjb,14
ecbb,14
ecih,14
eedj,14
efei,14
egea,14
egee,14
eiih,14
ejic,14
ejje,14
faee,14
fafe,14
fcih,14
ffea,14
fgif,14
fhac,14
fhjg,14
gaac,14
gaaf,14
gaib,14
gbei,14
gccb,14
gcch,14
geeb,14
gfhj,14
ghaf,14
ghee,14
giaa,14
hadc,14
hadf,14
haei,14
hafh,14
hbja,14
hcdd,14
hdbi,14
hfeg,14
hhdf,14
hhdg,14
hhjb,14
hibd,14
higa,14
hije,14
hjfi,14
hjgh,14
ibib,14
ibjj,14
fdgj,2
fecd,2
fegb,2
fibb,2
gadg,2
gaeh,2
gagb,2
gccg,2
gcfe,2
gdaa,2
icfd,14
iiae,14
iiga,14
ijgd,14
jabi,14
jadb,14
jbca,14
jdig,14
jfhi,14
jfid,14
jhig,14
jigc,14
jiif,14
jijc,14
jjif,14
abbj,15
acic,15
aehf,15
afaf,15
agbj,15
aghh,15
ahfb,15
ahgj,15
aifi,15
ajda,15
baed,15
bahf,15
bbee,15
bbfe,15
bbjg,15
bcdc,15
bcgj,15
bdaf,15
bebe,15
bedc,15
befc,15
bejg,15
bfbg,15
bfdb,15
bfeh,15
bfhi,15
bief,15
cbgd,15
cebc,15
cgca,15
chfa,15
dbdi,15
dbfi,15
dcfh,15
dcjg,15
dddg,15
ddge,15
ddgj,15
ddih,15
decb,15
dfdj,15
dide,15
dihd,15
ecfc,15
eeab,15
eejj,15
efbc,15
efgc,15
efha,15
ehcg,15
ehee,15
eihg,15
ejfg,15
fafc,15
fafi,15
fbgi,15
fcjd,15
fedg,15
fega,15
ffbd,15
ffig,15
fgae,15
fgah,15
fggf,15
fige,15
gafc,15
gbbj,15
gbga,15
gcbd,15
gdei,15
gdfj,15
gghd,15
ghbi,15
gheh,15
gijj,15
gjai,15
haej,15
hbaf,15
hbaj,15
hcjb,15
hdff,15
hehe,15
hejf,15
hgdb,15
hhhi,15
gdff,2
gedd,2
gfee,2
ghbg,2
ghji,2
gidb,2
giji,2
hbbe,2
hbcf,2
hceg,2
hihh,15
iafb,15
ibad,15
ibdf,15
ibge,15
icdc,15
ichj,15
idgc,15
ieeh,15
ifeg,15
iffa,15
iffd,15
igbf,15
ihjf,15
iifc,15
ijbh,15
ijgf,15
jaba,15
jaif,15
jbag,15
jdjc,15
jefb,15
jega,15
jfcj,15
jgjh,15
jjfc,15
jjjf,15
aacf,16
abbg,16
adbi,16
addb,16
addh,16
adei,16
adjf,16
afga,16
agah,16
agba,16
agfb,16
agfd,16
ahaa,16
ahbb,16
ajhj,16
baeb,16
bbij,16
bdde,16
becd,16
beeg,16
bege,16
bgid,16
bhjg,16
bjid,16
cahg,16
cceh,16
cdch,16
cedg,16
cffd,16
cfff,16
cfgj,16
cgci,16
chbe,16
chhf,16
cjhg,16
cjii,16
dabj,16
daff,16
daif,16
dcbg,16
dead,16
decc,16
dfgh,16
dfjc,16
dgae,16
dgaf,16
dhji,16
diha,16
eaaf,16
eabg,16
eagb,16
ebaj,16
ecah,16
edjh,16
efhh,16
egad,16
egfj,16
ejcb,16
ejgb,16
fabg,16
fcda,16
feba,16
fegi,16
fggj,16
fhbf,16
fiab,16
fjba,16
gaje,16
gbed,16
gbig,16
gbjd,16
gchb,16
gjjg,16
hcfd,2
hdfg,2
hdji,2
hfej,2
hfhj,2
hjic,2
iadh,2
ibjf,2
iccc,2
idgi,2
haaf,16
hajf,16
hcgg,16
hcjd,16
hgbi,16
hgha,16
hjac,16
hjed,16
hjeh,16
iaji,16
iegd,16
iiia,16
jaae,16
jaci,16
jafi,16
jahc,16
jcaf,16
jcjb,16
jdde,16
jejf,16
jffi,16
jgcc,16
jhba,16
aafj,17
abei,17
abfa,17
abgi,17
acab,17
acfg,17
acjj,17
aecf,17
aeci,17
afah,17
afhe,17
agdj,17
aheg,17
aied,17
aifa,17
aiig,17
ajab,17
ajbb,17
bbaf,17
bcej,17
bdej,17
bdih,17
bdje,17
befb,17
beid,17
bhhi,17
bigi,17
ccac,17
ccea,17
ceci,17
cfdc,17
cgeh,17
chci,17
chfc,17
chjc,17
dbbd,17
dcdb,17
ddea,17
ddgf,17
degh,17
diff,17
dige,17
djaa,17
eabb,17
eaie,17
eaja,17
ecid,17
edcf,17
eedb,17
efgd,17
egbf,17
ehbj,17
ehje,17
eijj,17
ejhj,17
ejjh,17
facb,17
faec,17
fbjf,17
fcbf,17
fdic,17
fdih,17
ffbf,17
fgce,17
fhgd,17
fhjc,17
figa,17
gbfc,17
gbgf,17
gcad,17
gcdi,17
gcjf,17
gecb,17
gfid,17
ghaj,17
ghci,17
gicd,17
idhh,2
ifcd,2
ifgc,2
igef,2
ihga,2
ihii,2
ijgg,2
jaee,2
jcde,2
jdbc,2
gjcg,17
haec,17
hbdj,17
hehj,17
hggc,17
hhdb,17
hicc,17
hiee,17
hjfj,17
iaaa,17
idag,17
ideb,17
idjf,17
iffc,17
ifge,17
ifgg,17
igab,17
ighe,17
iheg,17
ihji,17
jabj,17
jaej,17
jbee,17
jdgc,17
jecd,17
jfhd,17
jfji,17
jibi,17
jjgf,17
jjhc,17
aagj,18
acdi,18
agcb,18
agfg,18
bagh,18
baih,18
bbbe,18
bcgf,18
bddd,18
bfbj,18
bhfe,18
biac,18
bibf,18
bici,18
bidb,18
bijb,18
bjih,18
cadh,18
cagg,18
cbag,18
cfdj,18
cgjh,18
cidc,18
cidf,18
cifh,18
cihj,18
ciic,18
cjaj,18
daci,18
dcgf,18
dedf,18
dgbj,18
dgcj,18
dhce,18
dhci,18
dhdh,18
diei,18
djia,18
djic,18
ebbb,18
eccf,18
edba,18
eeaj,18
efee,18
efig,18
egbb,18
egbg,18
egig,18
egjf,18
ehfg,18
eibh,18
eiha,18
eiid,18
eiij,18
ejhb,18
fajf,18
fbcj,18
fcae,18
fcha,18
fgcf,18
fjaj,18
gaaa,18
gacd,18
gcah,18
gccc,18
ggfa,18
ggib,18
ggjh,18
giad,18
gica,18
jdbj,2
jdjd,2
jfda,2
jhbj,2
jheb,2
jhef,2
jiga,2
jiji,2
jjfd,2
aabc,3
gifd,18
gige,18
gjcj,18
hajh,18
hbeh,18
hfeh,18
hfij,18
hgca,18
iahh,18
ibgi,18
idcj,18
ideh,18
idgb,18
iecf,18
ieii,18
ifig,18
igag,18
igai,18
igbi,18
igfd,18
igji,18
ihhh,18
ihig,18
ihja,18
jbgi,18
jdhh,18
jeea,18
jgdb,18
jjba,18
jjii,18
aaff,19
acac,19
afac,19
afdh,19
aggd,19
aiic,19
ajce,19
ajde,19
ajii,19
baec,19
bbda,19
behd,19
bgcg,19
bgif,19
bhbc,19
bhjb,19
bicf,19
bied,19
bjbi,19
bjhd,19
cbae,19
ccbf,19
ccge,19
cdbh,19
cdda,19
cegf,19
cehd,19
cfhb,19
cgdb,19
cgha,19
cgjd,19
cjcb,19
cjed,19
dcac,19
dcci,19
ddfe,19
ddif,19
dgij,19
dhdi,19
dhee,19
dhjd,19
digf,19
djbb,19
djhd,19
eahe,19
eajf,19
ebij,19
ecij,19
eedc,19
efgj,19
efjf,19
ehej,19
ehgg,19
ehif,19
eigf,19
fcdg,19
fcgg,19
feed,19
fiee,19
fjgd,19
gacb,19
gbbd,19
gbhd,19
gdah,19
gdid,19
ggbe,19
ghdc,19
ghdf,19
ghii,19
gjja,19
aafi,3
acfa,3
acfi,3
adcb,3
aeje,3
afci,3
agcf,3
agee,3
agfa,3
aidc,3
hbji,19
hcgi,19
heia,19
hfag,19
hgdc,19
hhch,19
hhfg,19
hjjc,19
iaad,19
iajj,19
icee,19
icfj,19
idca,19
idcf,19
idge,19
ieie,19
ifbg,19
igci,19
iigh,19
iihc,19
ijef,19
jbig,19
jcbf,19
jdjh,19
jecc,19
jfjg,19
jhgh,19
jidf,19
aeea,20
aeec,20
aega,20
aejj,20
afcf,20
agda,20
ahhc,20
ahib,20
aidg,20
ajic,20
ajig,20
bacg,20
baea,20
bafe,20
bbdi,20
bbjf,20
bcaj,20
bdbi,20
bfhb,20
bgec,20
bgfc,20
bggj,20
bgjd,20
bhba,20
bjbj,20
cabc,20
cbcc,20
ccfi,20
cdaj,20
cefi,20
cfae,20
cfih,20
cjce,20
ddff,20
decf,20
dfci,20
dfhj,20
dfjd,20
dgfh,20
dhfe,20
dhja,20
eabf,20
eahj,20
ebaf,20
ebdh,20
ecaf,20
eech,20
egaa,20
egjc,20
eief,20
eihe,20
fbaf,20
fbdf,20
fbei,20
fcca,20
feac,20
febf,20
fehh,20
ffed,20
ffjg,20
fhig,20
fhje,20
fjha,20
gabc,20
gcfi,20
gdhg,20
gehe,20
gfef,20
gffc,20
ggab,20
ggde,20
ggfh,20
ccfc,1
cdgj,1
ceeb,1
cgbd,1
cgih,1
chda,1
cifb,1
cjfa,1
dbej,1
dbfa,1
aidi,3
aijj,3
ajfa,3
bafd,3
bbei,3
bcja,3
bdid,3
bfaf,3
bhhb,3
bifh,3
gghg,20
ggig,20
ghah,20
gicf,20
gied,20
gjff,20
gjhb,20
hagg,20
hgce,20
hgda,20
hghh,20
hhaj,20
hjfg,20
iadd,20
iahf,20
icid,20
idie,20
iejf,20
ifch,20
ifjd,20
ihcb,20
ihcd,20
ihdc,20
ihic,20
iijg,20
ijie,20
jafh,20
jcbj,20
jgde,20
jgeh,20
jhcg,20
jjje,20
aaai,21
abdi,21
adgj,21
aebi,21
afca,21
agdg,21
agge,21
ahcd,21
ahgi,21
ahii,21
ahjh,21
ajif,21
bbac,21
behi,21
bghj,21
bhdi,21
bieb,21
bjfg,21
cbac,21
ccdf,21
ccjb,21
cdba,21
cdbd,21
cdfg,21
cdjc,21
chab,21
chbf,21
chbi,21
cihh,21
cijc,21
cjef,21
dcae,21
ddie,21
defd,21
dgjb,21
dhbj,21
dhec,21
diai,21
didh,21
diee,21
djgd,21
eaff,21
ebad,21
ebgi,21
eehd,21
ehgd,21
ejad,21
fdia,21
fhfa,21
fhji,21
fich,21
fiie,21
gbfg,21
gbii,21
gcea,21
gdig,21
gfce,21
ggaa,21
ggfg,21
ghcc,21
gibj,21
gjei,21
gjje,21
haad,21
haeb,21
hagb,21
hece,21
hfbe,21
cagb,3
caha,3
ccgh,3
cgfd,3
cgji,3
chag,3
chje,3
chjf,3
ciia,3
cjdg,3
hhac,21
hhih,21
hiff,21
hjgd,21
iafh,21
iagi,21
iajc,21
ibdj,21
idgj,21
ifcg,21
ifgi,21
iggb,21
iicg,21
ijca,21
ijcf,21
ijeg,21
jaea,21
jbhc,21
jcig,21
jdcd,21
jedc,21
jegf,21
jfij,21
jgab,21
jgaj,21
jhgg,21
jieh,21
abab,22
abge,22
acif,22
aefh,22
affi,22
agih,22
aida,22
aifc,22
ajhb,22
baaf,22
baie,22
bbgc,22
bbje,22
bcdf,22
bddj,22
bdgd,22
befj,22
bgej,22
bhjf,22
biba,22
biee,22
bjce,22
bjfh,22
bjig,22
bjjb,22
caih,22
ccci,22
ccjc,22
cddf,22
cdii,22
chbj,22
cheg,22
cice,22
dfae,22
dgbf,22
dgfg,22
dhbe,22
dhgb,22
diji,22
djge,22
djgi,22
eaea,22
efda,22
effc,22
efgg,22
efji,22
egbd,22
eghj,22
egii,22
ehia,22
eice,22
eiie,22
facg,22
faei,22
fbgd,22
fbja,22
fcgc,22
feic,22
feii,22
ffbi,22
fhgj,22
fidf,22
fjjc,22
gbbb,22
gbhg,22
geae,22
gehg,22
gfdf,22
gghe,22
ghfj,22
giaj,22
gihd,22
hadd,22
cjha,3
dabe,3
daeb,3
dcgg,3
dcgi,3
dfhe,3
dghc,3
dgjh,3
dhid,3
eaga,3
hadh,22
hbcd,22
hcji,22
heaa,22
hefj,22
hegb,22
hehi,22
hiai,22
hidh,22
ibef,22
ibjb,22
icbf,22
idcg,22
iheh,22
iidg,22
jajc,22
jbaj,22
jbdh,22
jegb,22
jfgg,22
jgcj,22
jghc,22
jgja,22
jgje,22
jhdd,22
jibd,22
jidc,22
jijh,22
abdc,23
accg,23
acjd,23
adda,23
addi,23
aeic,23
aeih,23
agif,23
ahgf,23
aicg,23
aife,23
baag,23
baji,23
bbjc,23
bcgi,23
bcih,23
beic,23
beja,23
bhbd,23
bhdf,23
bhig,23
bhij,23
bidf,23
biha,23
bjhe,23
cbgj,23
cbig,23
cchj,23
cdbc,23
cdjj,23
cfeg,23
cgge,23
cgij,23
chhg,23
ciah,23
cihd,23
cjid,23
dagj,23
dbai,23
dbgd,23
dbja,23
dcca,23
dcfg,23
ddda,23
ddfb,23
ddhc,23
dffj,23
didf,23
djij,23
ebda,23
ebhd,23
edci,23
edcj,23
egdd,23
ehfh,23
ehgb,23
ejgf,23
fced,23
fddg,23
fdfg,23
ffgb,23
ffhe,23
fhce,23
fiji,23
gbeh,23
gcbi,23
gcjb,23
gdac,23
gfbe,23
ghhj,23
hbed,23
hcge,23
ebfa,3
ebjb,3
ecdb,3
ecie,3
edfg,3
egce,3
fagd,3
fagf,3
faha,3
fbbc,3
hcgj,23
hdbg,23
hdfe,23
hggf,23
hhdc,23
hjfd,23
iaif,23
ibhb,23
ibid,23
iefb,23
ifad,23
ifec,23
ifed,23
iffb,23
igee,23
ihjc,23
ijej,23
jbdj,23
jcea,23
jcjd,23
jdgj,23
jfci,23
jfgc,23
jgbf,23
jidb,23
jigd,23
jjja,23
abbi,24
abeg,24
acie,24
aeeg,24
ahic,24
ajbg,24
ajdj,24
ajjb,24
bahd,24
bbbh,24
bbgi,24
bebj,24
bffb,24
bgeg,24
bgha,24
bghh,24
cbgh,24
cbjf,24
cfhj,24
cgea,24
cggh,24
cgii,24
chie,24
chih,24
cifd,24
cjhf,24
dafd,24
dbac,24
dbfc,24
dcje,24
ddij,24
deea,24
dfdh,24
dfef,24
dfff,24
dhbc,24
dhbd,24
diaa,24
eaae,24
eafh,24
ebce,24
ebdd,24
ebfh,24
ecfj,24
edia,24
edid,24
eebd,24
egaf,24
eggb,24
ehff,24
eiba,24
eigj,24
ejbc,24
ejgc,24
fbdj,24
fbhe,24
fccg,24
fdjg,24
fgeb,24
fhdj,24
fhia,24
gagf,24
gaig,24
gbae,24
gbcf,24
gcaf,24
gcfb,24
gebj,24
geeh,24
gega,24
gegj,24
ggag,24
ggba,24
fdcf,3
fjfb,3
fjhb,3
gebf,3
geic,3
gfgd,3
ggjb,3
ggji,3
gibg,3
gidc,3
ghjj,24
gifb,24
gija,24
haaa,24
hace,24
hahg,24
hbea,24
hcbi,24
hdcb,24
hebi,24
hedf,24
hgfd,24
hgfi,24
hhhd,24
hich,24
hiie,24
hiih,24
hjcb,24
iahb,24
idgf,24
iedc,24
iffe,24
igbh,24
igga,24
iggf,24
igjj,24
ihab,24
ihac,24
iiaj,24
ijgc,24
ijhh,24
jaie,24
jbge,24
jbia,24
jceb,24
jcfe,24
jgec,24
jhcj,24
jjff,24
jjhj,24
aaaf,25
aabj,25
acjb,25
adbf,25
adce,25
afgf,25
agdi,25
aggc,25
aiac,25
ajai,25
ajef,25
ajgi,25
bada,25
bbeb,25
bccc,25
bcea,25
bchh,25
bfie,25
bjjg,25
cahh,25
cbeg,25
cbfh,25
ccbe,25
ccid,25
cdij,25
ceab,25
chbb,25
dahc,25
dbaf,25
dbge,25
dcag,25
dced,25
dcic,25
ddbb,25
dddh,25
defh,25
dejf,25
dghd,25
dgjc,25
dhgh,25
dhhf,25
diej,25
dijc,25
eahc,25
ebcb,25
edei,25
eecc,25
eedh,25
effi,25
eihb,25
eiif,25
ejdj,25
fbfd,25
fccf,25
fchc,25
fcif,25
feej,25
ffaj,25
fgig,25
fhfb,25
gjjd,3
hacd,3
haja,3
hajg,3
hbae,3
hbeg,3
hedg,3
hhic,3
hhii,3
hhjc,3
fhgc,25
fiae,25
fjae,25
fjdg,25
gagd,25
gahd,25
gdbh,25
gdch,25
gdjb,25
gifc,25
gigb,25
gjag,25
hcaa,25
hcbg,25
hdhg,25
hfbh,25
iafc,25
iaih,25
ibha,25
icdf,25
icgb,25
ichg,25
idhi,25
ieah,25
iede,25
iegg,25
ieje,25
ifcf,25
ifci,25
igdc,25
igei,25
iiff,25
iiha,25
ijfe,25
ijjg,25
jbdc,25
jcac,25
jcfb,25
jebc,25
jgbd,25
jgcf,25
jgha,25
jhij,25
jige,25
jihf,25
jjab,25
jjcc,25
jjfa,25
aadd,26
aagd,26
abfi,26
adgb,26
afce,26
affj,26
afji,26
ahdb,26
aice,26
ajci,26
bahj,26
bbcd,26
bcdj,26
bdbh,26
bdjc,26
beej,26
behh,26
bgga,26
biah,26
caea,26
cagf,26
cbgg,26
cced,26
ccfb,26
cdcc,26
cghc,26
ciee,26
dahj,26
dchb,26
dcie,26
ddbc,26
dhch,26
dhde,26
djcb,26
djja,26
ecgc,26
ecgj,26
edii,26
eeca,26
eeeh,26
efeb,26
egej,26
egib,26
ehaf,26
ehca,26
fabi,26
fajb,26
fbah,26
fbbh,26
fbdh,26
fcdc,26
fcji,26
hibc,3
ibga,3
ibgf,3
ibij,3
idfa,3
ieij,3
ighd,3
ihjb,3
ijbi,3
jadf,3
feee,26
ffha,26
fgih,26
fjbi,26
fjff,26
gaea,26
gcfc,26
gchc,26
gdcf,26
gdci,26
gddg,26
gdii,26
gegh,26
gjef,26
hdde,26
hdge,26
hecf,26
heid,26
hfai,26
hfdf,26
hhfj,26
hhhh,26
hiaj,26
higc,26
high,26
hjeg,26
hjga,26
ibab,26
iddf,26
iege,26
ihae,26
ihia,26
iigi,26
iiii,26
ijjc,26
jejj,26
jgdh,26
jgic,26
jjci,26
jjjc,26
jjjg,26
aajh,27
accc,27
acdh,27
adcg,27
adfe,27
adif,27
aebf,27
ahei,27
ahfc,27
bbhc,27
bcfb,27
bdac,27
beei,27
bfad,27
bfhe,27
bfjh,27
bgib,27
bgie,27
bgjg,27
bhff,27
biii,27
bijj,27
bjei,27
bjga,27
bjgi,27
caid,27
ccaf,27
cdfi,27
cdge,27
ceie,27
cejg,27
cgbg,27
cgjf,27
cibj,27
cifc,27
cjcj,27
dahb,27
dbeb,27
dbeh,27
ddhj,27
ddid,27
ddii,27
deda,27
dehb,27
dfag,27
dgid,27
dhfa,27
djea,27
eaaa,27
ebbh,27
edbd,27
eedf,27
eegf,27
egfi,27
ehed,27
ehfd,27
ehjd,27
eijf,27
ejdb,27
jahj,3
jdfe,3
jdgb,3
jdjf,3
jeca,3
jefg,3
jgac,3
jgad,3
jihc,3
jjaj,3
ejie,27
faic,27
fdac,27
feig,27
fjid,27
fjja,27
gcab,27
gcgb,27
gdbf,27
gddb,27
gdfi,27
geaf,27
gfda,27
gfij,27
ggcd,27
ggje,27
ghhd,27
giif,27
hbeb,27
hcia,27
hfba,27
hfgh,27
hgbg,27
hgcg,27
hgjg,27
hjdj,27
hjia,27
ibae,27
ibej,27
iced,27
icff,27
iddh,27
idfe,27
idib,27
ifeh,27
ifej,27
ihad,27
iieg,27
ijhb,27
jbgj,27
jeac,27
jejd,27
jgef,27
jghg,27
jhjb,27
jicb,27
jihd,27
jihg,27
jjaa,27
adfj,28
adha,28
aeag,28
aegd,28
afie,28
afja,28
aggg,28
ahhi,28
aibb,28
aieb,28
bajg,28
bbah,28
bbef,28
bdhg,28
beci,28
behg,28
bfbi,28
bffd,28
bggb,28
bhic,28
bibj,28
bjhb,28
cbih,28
ceac,28
ceai,28
cech,28
cfdg,28
cfeb,28
cfej,28
cgbh,28
chcd,28
cige,28
cjbe,28
cjei,28
dbdf,28
ddhi,28
dedj,28
deef,28
dhaa,28
dihi,28
eaah,28
eacj,28
eade,28
ebfj,28
ecgb,28
echi,28
ecii,28
edfa,28
eeeg,28
efba,28
efga,28
jjcg,3
aaij,4
abid,4
adee,4
adfi,4
adjg,4
aedg,4
afbd,4
afej,4
aihe,4
efih,28
ehij,28
eiaj,28
ejdd,28
faje,28
fajh,28
fbea,28
fcad,28
fdef,28
ffaa,28
ffcd,28
fgfd,28
fici,28
gbfi,28
gech,28
gedg,28
gfah,28
gfgh,28
ghig,28
hcch,28
hdaf,28
hdcd,28
hebe,28
hede,28
heff,28
hfee,28
hggg,28
hifh,28
hjea,28
ibhe,28
ibif,28
icgi,28
ichb,28
iehh,28
ieja,28
ijaj,28
jbih,28
jdac,28
jedf,28
jeff,28
jggf,28
aaji,29
abgh,29
adhb,29
afdc,29
afij,29
baad,29
bbbb,29
bbch,29
bcbi,29
bccg,29
bcfj,29
bedg,29
bgdg,29
bggi,29
bhib,29
bigd,29
bjaf,29
bjaj,29
caab,29
cade,29
cdai,29
cdgi,29
cebf,29
cfeh,29
cfib,29
cgcf,29
chdc,29
cjjh,29
daga,29
daih,29
dcgb,29
ddgh,29
dfhh,29
dgbd,29
dgfj,29
dhej,29
didc,29
djdh,29
djie,29
eagj,29
ebch,29
ecad,29
ecdd,29
ecfb,29
eead,29
efje,29
egha,29
faci,29
fafd,29
faie,29
fbge,29
fcaa,29
fccc,29
fdbb,29
fddc,29
fdhe,29
fedc,29
ffeh,29
ffgc,29
ajdd,4
ajge,4
bagj,4
bbgh,4
bcaa,4
bccj,4
bdfa,4
bdig,4
befd,4
bfgd,4
ffgh,29
ffic,29
fgie,29
fhcb,29
fhdh,29
fiec,29
fife,29
fiif,29
fjce,29
fjcj,29
fjia,29
gbfh,29
gefe,29
ggie,29
gjec,29
gjga,29
haag,29
hbdc,29
hbec,29
hbej,29
hcdc,29
hcih,29
hdae,29
hfed,29
hgah,29
icad,29
ided,29
idij,29
iehj,29
ific,29
igja,29
ihah,29
ijac,29
ijbb,29
ijig,29
ijjf,29
jbed,29
jbgg,29
jbii,29
jcgd,29
jcic,29
jcjc,29
jdfa,29
jfdh,29
jhab,29
jhae,29
jicd,29
jjjb,29
abbb,30
abea,30
acfh,30
acgh,30
aeef,30
aegc,30
ahdf,30
ahja,30
bace,30
bajd,30
bbgf,30
bbih,30
bcad,30
bcgh,30
bcjf,30
bdbd,30
bdgc,30
bfeg,30
bfgi,30
bghf,30
bghi,30
bjha,30
cbbg,30
cdif,30
cedd,30
cehg,30
cehh,30
ceig,30
cgfa,30
cgig,30
chgh,30
cibf,30
dagd,30
dfai,30
dgeh,30
dhad,30
diad,30
dice,30
digh,30
eafg,30
ebjj,30
ecfa,30
echj,30
efde,30
egeg,30
egia,30
ehbh,30
ehde,30
ejdh,30
fadg,30
faeh,30
fafa,30
dbid,1
ddic,1
dfac,1
dffa,1
dfia,1
djac,1
djhb,1
eaec,1
eahf,1
ebbd,1
bfjb,4
bhef,4
bjgb,4
ccib,4
cecj,4
cfaj,4
cfgf,4
cgaa,4
cgch,4
cgdf,4
fajc,30
fbbg,30
fbed,30
fcdd,30
fehd,30
ffcg,30
ffij,30
fhef,30
fihc,30
fiid,30
gbac,30
gbah,30
gcce,30
gdba,30
gdca,30
gdhd,30
gdic,30
gecj,30
giea,30
gigc,30
habf,30
haie,30
hbef,30
hbfa,30
hbhb,30
hdad,30
hffg,30
hgcf,30
hhbg,30
hhdh,30
hhhg,30
ibdd,30
ibhd,30
icab,30
icfg,30
idea,30
ifab,30
igib,30
iieb,30
iiid,30
ijci,30
ijdj,30
jaff,30
jajg,30
jbci,30
jbhh,30
jbif,30
jcae,30
jdhj,30
jedj,30
jfie,30
jgca,30
jide,30
jiej,30
jjad,30
jjah,30
aaid,31
abhc,31
acjg,31
aeaj,31
aeif,31
afhc,31
aghe,31
ahhg,31
aibj,31
aiij,31
aija,31
bagb,31
bahb,31
bbdj,31
bbig,31
bbjb,31
bcbd,31
bcfi,31
bgab,31
bgbh,31
bifj,31
bjia,31
bjjh,31
caac,31
ccbj,31
cddd,31
cfjc,31
cggb,31
cibg,31
cigd,31
ciij,31
cjac,31
cjba,31
cjdd,31
cjfh,31
cjie,31
cjjc,31
daei,31
decd,31
dejh,31
dfea,31
dfge,31
dfha,31
dgeg,31
chfi,4
cjae,4
cjhi,4
dahd,4
dcdd,4
ddhe,4
ddje,4
debi,4
debj,4
deic,4
dhhi,31
eagc,31
ebhf,31
ecde,31
eefb,31
efhi,31
egeh,31
ehbc,31
eidj,31
ejag,31
ejcd,31
face,31
faia,31
fbcg,31
fcij,31
fdja,31
fehe,31
feib,31
feif,31
fgca,31
fgdj,31
fgef,31
fhch,31
ficj,31
gfjf,31
ggei,31
ghcg,31
giec,31
giej,31
gihf,31
gjjh,31
hbei,31
hccf,31
hchg,31
hejh,31
hfgf,31
hgbf,31
hgjc,31
hhed,31
idih,31
ieaj,31
igeg,31
iggc,31
ihee,31
ijee,31
jaca,31
jaic,31
jcbe,31
jcca,31
jcej,31
jech,31
jede,31
jfdc,31
jfjh,31
jgjd,31
jihb,31
adii,32
aeji,32
afcd,32
afdb,32
afha,32
bagd,32
bcda,32
bdcd,32
bddg,32
befe,32
bfbh,32
bffa,32
bgea,32
bgfb,32
bgjf,32
bicg,32
biia,32
cbbb,32
ccba,32
ccfj,32
cdfa,32
cdhd,32
cegj,32
dafa,32
dcge,32
dcij,32
decj,32
dehf,32
dfaa,32
dfdc,32
djci,32
djff,32
djhh,32
djjj,32
eaac,32
edaa,32
edec,32
edij,32
eeed,32
efdd,32
ehci,32
ehdb,32
eifd,32
eifh,32
deij,4
dfca,4
dgcc,4
dgfb,4
dhfj,4
efjg,4
ehhh,4
eiag,4
ejgi,4
fbai,4
ejci,32
fbca,32
fbhd,32
febd,32
fegg,32
feij,32
fgei,32
fhbd,32
fjbh,32
fjga,32
gced,32
gcjc,32
ggea,32
ggfi,32
ghbh,32
giaf,32
gigd,32
gjbg,32
gjjb,32
hbga,32
hbif,32
hdac,32
hdie,32
hejd,32
hfha,32
hfjc,32
hgcc,32
hgcj,32
iajd,32
ibah,32
ibff,32
icbi,32
icej,32
idhb,32
idii,32
iecj,32
ifbe,32
ifda,32
igdf,32
iidh,32
iief,32
iihb,32
iija,32
ijbc,32
ijda,32
jaac,32
jaaj,32
jahh,32
jfgj,32
jjfj,32
abfb,33
acai,33
adji,33
affc,33
agaj,33
agjc,33
ahhf,33
aief,33
bbej,33
bcfd,33
bgjb,33
bhgc,33
bhgf,33
bice,33
bidj,33
cace,33
cbcf,33
ccaj,33
ccdc,33
ccdh,33
cehc,33
cfbg,33
cfhh,33
dbbg,33
dbcd,33
dbcg,33
dbgf,33
ddde,33
ddfc,33
ddgc,33
dehd,33
dfah,33
dgii,33
dhaj,33
dhhj,33
dhig,33
djfd,33
djhe,33
eadc,33
ecbc,33
echb,33
edjc,33
effd,33
effh,33
ejfi,33
faag,33
fabf,33
fahh,33
fbgb,33
fejc,33
fbbi,4
fbfb,4
fcbi,4
fchj,4
feaa,4
febe,4
fejd,4
ffie,4
ffjc,4
fgdd,4
ffdb,33
fgji,33
fhge,33
fidh,33
fihj,33
fjge,33
gbch,33
gbdc,33
gbjg,33
gcga,33
gcie,33
gefb,33
ghed,33
ghgd,33
gjcc,33
gjdj,33
gjej,33
gjgc,33
hbfd,33
hcde,33
hdbf,33
hdih,33
hefd,33
hfcg,33
hgii,33
hhba,33
hhcg,33
hhhe,33
hiej,33
higj,33
iceh,33
icje,33
idgd,33
idif,33
idje,33
ifjg,33
ihaj,33
iica,33
ijii,33
jaje,33
jbae,33
jbbb,33
jcee,33
jceg,33
jcgc,33
jgeb,33
jgfg,33
jhbi,33
jhca,33
jhec,33
aada,34
acbi,34
aefc,34
afai,34
aghb,34
ahbc,34
ajaj,34
ajbe,34
baic,34
bcgd,34
befa,34
beig,34
bfah,34
bhcc,34
bjfc,34
bjfd,34
caaa,34
caah,34
cabi,34
cbfd,34
cdic,34
cead,34
ceag,34
cfji,34
cfjj,34
chge,34
chhh,34
ciih,34
daec,34
dbje,34
dcda,34
ddaa,34
ddca,34
dfdg,34
dieb,34
dieg,34
djje,34
djjf,34
eafa,34
eaii,34
eajc,34
ebba,34
edai,34
edch,34
eeaf,34
eeah,34
efic,34
ehei,34
ejai,34
ejaj,34
fgia,4
fhhb,4
fhjb,4
fhjj,4
fjfh,4
fjig,4
gbef,4
gcba,4
gcdc,4
gcde,4
ejii,34
fadj,34
fagj,34
fchf,34
fdai,34
fecg,34
fede,34
feec,34
fehf,34
fgaf,34
fgcd,34
fgjc,34
fhaj,34
fhfj,34
fjai,34
fjbc,34
gbcj,34
gcge,34
gcja,34
geed,34
gfbg,34
ggdj,34
ggfb,34
ghfa,34
gibb,34
gjfb,34
gjjf,34
habc,34
haib,34
hcce,34
hdeb,34
hdig,34
hdjg,34
hedh,34
hfdd,34
hfih,34
hhgd,34
ibgb,34
iccj,34
icfh,34
icgh,34
icjg,34
idaa,34
ieca,34
iecc,34
ieef,34
iegc,34
ihcf,34
iibi,34
ijcb,34
ijei,34
jagi,34
jaja,34
jajd,34
jbai,34
jcgf,34
jchf,34
jcjh,34
jddd,34
jdja,34
jgdj,34
jjde,34
jjib,34
acgd,35
acgi,35
adbh,35
afbg,35
agaf,35
agbg,35
agcg,35
aggb,35
aghi,35
agig,35
ahfe,35
ahga,35
aiaa,35
aieh,35
ajfi,35
bbdc,35
bcah,35
bcca,35
bdhd,35
bgbf,35
bgfi,35
bjhg,35
caeb,35
cbgf,35
cbhh,35
cbjj,35
cdbf,35
ceaf,35
ceeg,35
cefe,35
cifa,35
cjbf,35
dbif,35
dcai,35
deeg,35
deib,35
dfjj,35
gcfh,4
gdee,4
gfea,4
ggca,4
ghbd,4
ghgg,4
ghhc,4
gjhh,4
gjii,4
hbcc,4
dhbi,35
didj,35
djef,35
djfb,35
eadi,35
eagd,35
ebea,35
ebha,35
edbj,35
edgf,35
edig,35
eeej,35
eejb,35
eejh,35
efad,35
efhb,35
eghd,35
ehdi,35
ehji,35
eibd,35
ejji,35
fadi,35
fbfj,35
fbih,35
fcbd,35
fcgi,35
fdcj,35
fdfa,35
ffbe,35
fhbc,35
fhic,35
fidd,35
gaji,35
gbjc,35
gcig,35
gdfh,35
geci,35
gehb,35
gfeh,35
ggec,35
ggic,35
ghab,35
hbag,35
hbia,35
hdjh,35
hfbj,35
hggd,35
hjdb,35
iacf,35
iadc,35
iaeh,35
icii,35
iebb,35
ifga,35
ifia,35
igge,35
igic,35
ihhi,35
ijch,35
jaec,35
jbbc,35
jbcd,35
jdbd,35
jegh,35
jfga,35
jgfe,35
jgia,35
jgih,35
jihe,35
jjee,35
aacc,36
abci,36
abee,36
acad,36
acff,36
adig,36
ahdd,36
aiai,36
aigb,36
ajad,36
ajfg,36
bacb,36
bcfe,36
bfeb,36
biej,36
cahf,36
cbca,36
cbei,36
ccae,36
cdia,36
ceah,36
cfdf,36
cfdi,36
cfjh,36
cghi,36
dbah,36
dbdc,36
dceg,36
ddce,36
dddb,36
hbfc,4
hccj,4
hdba,4
hdbb,4
hdfd,4
heca,4
hgea,4
hieb,4
hiid,4
hijc,4
defi,36
degc,36
dfch,36
dibd,36
difc,36
edef,36
eeie,36
efaa,36
egab,36
egjj,36
ejcc,36
fdec,36
fdga,36
febi,36
ffad,36
ffeg,36
fgch,36
fgjh,36
fhcj,36
fibf,36
fijb,36
fjjb,36
gbbe,36
gcdb,36
gcif,36
gedi,36
gfga,36
ggjg,36
gieg,36
gjia,36
hafc,36
hcdf,36
hced,36
hdbh,36
hdgj,36
hdjj,36
hgij,36
hhcb,36
higf,36
hihc,36
hjbc,36
hjfh,36
ibic,36
idec,36
idhj,36
igcb,36
ijab,36
ijdf,36
ijhi,36
jacj,36
jbha,36
jcba,36
jcfg,36
jcid,36
jddc,36
jddj,36
jdge,36
jfbe,36
jfjf,36
jgei,36
jhdh,36
jidg,36
aagf,37
abgd,37
achi,37
afbf,37
ageh,37
aghg,37
ahca,37
ahec,37
aicc,37
ajbi,37
ajeb,37
bcbe,37
bcec,37
bceg,37
bcff,37
bche,37
bfab,37
bffg,37
bgcd,37
bhhd,37
bieg,37
bifc,37
cafh,37
cega,37
ceji,37
cfaa,37
cgda,37
cjig,37
daaj,37
dacf,37
dbab,37
dbjj,37
dchh,37
dcig,37
dfcb,37
dfdi,37
dfeh,37
dfig,37
iaea,4
iaef,4
iehb,4
ifgj,4
igbb,4
igcg,4
ighg,4
ihed,4
iihh,4
ijah,4
dgjd,37
dhbg,37
diaj,37
didi,37
djbi,37
ebbe,37
ebec,37
edah,37
edaj,37
edbb,37
edhe,37
edic,37
egba,37
ehah,37
eiei,37
eife,37
ejjg,37
faed,37
fbff,37
fbjc,37
fbjh,37
fcbb,37
fcii,37
fdee,37
feff,37
fgdg,37
fhhi,37
fjie,37
gbdi,37
gcgc,37
gdab,37
geca,37
ggdc,37
ggga,37
ghaa,37
giii,37
hdbj,37
hfbi,37
hgei,37
hhif,37
hjhj,37
iafj,37
ibda,37
iceb,37
iheb,37
jbhf,37
jcdi,37
jcjf,37
jeja,37
jfja,37
jhce,37
jhcf,37
jhga,37
jiba,37
jiic,37
jjfb,37
jjgj,37
aabb,38
aafe,38
aajj,38
aeac,38
aedb,38
aeha,38
aeig,38
afhi,38
agea,38
agib,38
ahbf,38
aibc,38
aidf,38
bbfb,38
bbhh,38
bbie,38
bced,38
bdag,38
bgci,38
bibh,38
cadd,38
cadi,38
cbea,38
cehb,38
ceid,38
cfec,38
cgeb,38
cgic,38
chaj,38
chbd,38
cicc,38
cigf,38
cjca,38
cjdh,38
dach,38
dagc,38
dbfh,38
dcid,38
ddei,38
ddhg,38
debh,38
deii,38
dfab,38
ijhe,4
jabc,4
jbfe,4
jcgh,4
jffe,4
jhag,4
jhaj,4
jhci,4
jiec,4
jiff,4
dghg,38
dghh,38
dhic,38
dija,38
djab,38
ecja,38
eebc,38
eefh,38
eegg,38
efdc,38
egcf,38
ehgh,38
eiig,38
ejed,38
fbbd,38
fbgf,38
fcaf,38
fcjh,38
fdgg,38
fedf,38
feef,38
feeg,38
ffgi,38
fhjh,38
fidb,38
fihh,38
gbje,38
gddj,38
gdfc,38
ggaj,38
giib,38
gjgd,38
hbcg,38
hebd,38
hgai,38
hija,38
hjbb,38
hjce,38
iabi,38
icci,38
icia,38
idbb,38
idhc,38
ieei,38
ifdb,38
ifdg,38
ihbb,38
iiag,38
iicj,38
iigj,38
ijfa,38
jabd,38
jbeg,38
jcja,38
jdbb,38
jdbg,38
jdej,38
jedd,38
jehf,38
jgch,38
jggj,38
jiie,38
jjge,38
adci,39
adid,39
adij,39
aehg,39
aeib,39
afbc,39
aiei,39
ajih,39
bbbd,39
beca,39
bfba,39
bgbg,39
bhbb,39
bihj,39
cbbc,39
cedf,39
cgcg,39
cgff,39
chae,39
chah,39
chgc,39
cijg,39
cijj,39
daia,39
dbeg,39
dcbj,39
dcei,39
dcfa,39
dcha,39
ddcb,39
ddcg,39
deej,39
eaig,39
ebcj,39
ebfd,39
ebib,39
efjc,39
jjhf,4
aaab,5
aacd,5
aahd,5
abjg,5
acae,5
aced,5
aeii,5
afgb,5
aggj,5
egai,39
ejja,39
faad,39
fbfa,39
fceg,39
fdji,39
feid,39
fgeh,39
fhfd,39
ficf,39
fifa,39
fjjh,39
gcee,39
gdae,39
gdbe,39
gdif,39
giha,39
gjge,39
hach,39
hbac,39
hddc,39
hdgd,39
hdjb,39
hegf,39
hfbg,39
hhge,39
hiib,39
hjca,39
hjch,39
hjcj,39
iace,39
idhg,39
ieai,39
ifcb,39
iffi,39
ifhd,39
igeb,39
ijeb,39
ijih,39
jbgc,39
jccj,39
jeej,39
jegc,39
jgbb,39
jged,39
jheg,39
jhjh,39
jifj,39
jjdh,39
aahc,40
aahg,40
acda,40
achj,40
acih,40
adab,40
adaf,40
adfa,40
adgf,40
aeij,40
ajah,40
ajec,40
ajgj,40
bafh,40
bbgd,40
bcic,40
bcig,40
bdda,40
beea,40
bgae,40
bgba,40
bgjh,40
biad,40
caii,40
ccfh,40
cchf,40
ccjf,40
cdci,40
cdhj,40
cfba,40
cfed,40
cfgh,40
cgbf,40
chha,40
cicf,40
cida,40
cidi,40
cjji,40
dbca,40
ddgd,40
defg,40
deja,40
dgib,40
dhjf,40
dica,40
djfh,40
eaej,40
ebeb,40
edjf,40
efjj,40
egfb,40
ebgf,1
ebje,1
eche,1
edac,1
efid,1
eiej,1
fabj,1
faib,1
fcge,1
fdgi,1
agie,5
agjf,5
aifd,5
aigh,5
baha,5
baia,5
bbba,5
bbcj,5
bbfc,5
bbhe,5
ehcf,40
eiac,40
eidh,40
ejjj,40
fbhh,40
fccj,40
fcjb,40
fdah,40
fdaj,40
fdci,40
fdfi,40
fejj,40
ffii,40
fgdb,40
fijh,40
fjhc,40
gbbf,40
gcgf,40
gddf,40
gdeb,40
geea,40
ggeh,40
gggg,40
ggia,40
ghcb,40
gjab,40
gjbc,40
gjeg,40
gjgb,40
gjha,40
hahh,40
hcea,40
hchd,40
hebf,40
hegj,40
hfaj,40
hfce,40
hgad,40
hghj,40
hhce,40
hheb,40
hibb,40
hiei,40
hiii,40
hjai,40
hjha,40
iagd,40
icag,40
ieab,40
iegb,40
iegi,40
iehg,40
ifcj,40
iffg,40
ihec,40
jajb,40
jbjf,40
jcbc,40
jcji,40
jdji,40
jfff,40
jfhh,40
jfif,40
jgfc,40
jgfh,40
jggh,40
jhge,40
jhhd,40
aaac,41
aaca,41
aade,41
aaei,41
abif,41
abja,41
acha,41
ache,41
ageb,41
bbdf,41
bbhf,41
beaj,41
bedf,41
beeb,41
bgcj,41
bhhg,41
cahc,41
caic,41
ccec,41
ccee,41
ccej,41
cdfh,41
cehf,41
cgag,41
cgdd,41
cheh,41
daej,41
dajc,41
dbae,41
dbbe,41
dcad,41
dcfj,41
bdbg,5
bddh,5
beaf,5
bgce,5
bgjc,5
bhhh,5
caaf,5
caca,5
cbcg,5
cbii,5
ddaj,41
dghi,41
dhae,41
dhag,41
dijf,41
djdg,41
eceb,41
eefe,41
egfd,41
egjh,41
ehdh,41
ehec,41
eiad,41
eijd,41
fafb,41
fagc,41
faif,41
fbgj,41
fcce,41
fcdb,41
fcgf,41
fdbe,41
ffcb,41
fgcj,41
fhbi,41
fhhf,41
gbaa,41
gbif,41
gdgc,41
gdgh,41
gdhh,41
geab,41
geah,41
geej,41
gfab,41
ggbi,41
ghif,41
gjfd,41
hbhf,41
hgdf,41
hhej,41
hhjf,41
hjib,41
hjig,41
iafd,41
ibcd,41
icch,41
icdh,41
idac,41
idfd,41
iega,41
iehi,41
ifje,41
ihie,41
iijf,41
ijbd,41
ijgb,41
jcfd,41
jdca,41
jddi,41
jdgi,41
jeaa,41
jeif,41
jgbc,41
jghe,41
jhbd,41
jhgd,41
jhhg,41
jhjj,41
aadc,42
aadf,42
afhf,42
aghd,42
agia,42
aiab,42
ajag,42
bacf,42
bbib,42
bdaj,42
bdef,42
befg,42
bfca,42
bfhj,42
bgda,42
bjbc,42
cabh,42
cadg,42
cbdc,42
cbeh,42
cbgb,42
ccab,42
cdhh,42
cffi,42
cfhg,42
cgab,42
cgai,42
cgfi,42
daae,42
dahf,42
dbef,42
cbjd,5
cdbi,5
cdbj,5
cdhb,5
cgjc,5
ciad,5
cibi,5
cjhe,5
dafi,5
daic,5
dbjg,42
defj,42
dfjg,42
dgjj,42
dhaf,42
dhcg,42
dhdf,42
dhgg,42
dihh,42
dijd,42
djbd,42
eacf,42
eagg,42
eaji,42
edhi,42
eega,42
eeii,42
efai,42
efij,42
ehjj,42
faef,42
fcjj,42
fdbc,42
ffba,42
fhad,42
fhfi,42
fhhc,42
fief,42
gaci,42
gdbj,42
gfjg,42
ggjc,42
gidd,42
gjbi,42
gjji,42
hade,42
haeh,42
hcbd,42
hcfa,42
hgaf,42
hgbe,42
hhah,42
hhgc,42
hjgj,42
ibac,42
icjc,42
idab,42
idjh,42
ieia,42
iejc,42
iigf,42
jagd,42
jdag,42
jegj,42
jfhe,42
jgfa,42
jgge,42
jgib,42
jhfe,42
jjea,42
aagi,43
abch,43
adib,43
adih,43
afgi,43
agag,43
ajhf,43
baah,43
bajh,43
bbaj,43
bbdh,43
bcbj,43
bcch,43
bdib,43
bfda,43
bghg,43
bhai,43
bihf,43
biji,43
bjhf,43
cagi,43
cbje,43
ccah,43
cdej,43
cdfb,43
cfjd,43
cfjf,43
chee,43
cjfc,43
cjgf,43
dafc,43
dbee,43
dcia,43
dcjf,43
dded,43
ddia,43
deab,43
dedb,43
dedd,43
dfad,43
dbed,5
dbfe,5
dbih,5
dceb,5
ddah,5
defc,5
dgcg,5
dhdd,5
diib,5
djeb,5
dfcj,43
dfga,43
dgab,43
dgdi,43
dhef,43
dheg,43
dijb,43
eahi,43
eajj,43
ebbc,43
ebdg,43
ebid,43
ebjf,43
ebjh,43
ecai,43
eded,43
edhd,43
eeea,43
eeff,43
ehab,43
ejhd,43
fbef,43
fcah,43
fcdf,43
fcef,43
fcia,43
fdba,43
fefc,43
ffhc,43
fgai,43
fgjd,43
fjfa,43
gace,43
gacj,43
gadi,43
gbcb,43
gbdh,43
gbgj,43
gbjj,43
gdag,43
ggcc,43
ghhh,43
gibi,43
gicb,43
hbab,43
hcdj,43
hdaj,43
head,43
hega,43
hfii,43
hghf,43
hief,43
iaii,43
ibgd,43
idej,43
iidi,43
iigg,43
iihd,43
jada,43
jbeb,43
jbej,43
jbhd,43
jccf,43
jeec,43
jeed,43
jfag,43
jfbb,43
jfbj,43
jfca,43
jhjc,43
jigf,43
jjda,43
aagc,44
aajc,44
aajg,44
abec,44
abhg,44
adbj,44
aeej,44
afgd,44
agef,44
ahdg,44
aigf,44
ajgc,44
babc,44
bchd,44
bcje,44
bdhh,44
beec,44
begh,44
begi,44
bgad,44
bifd,44
bjii,44
caee,44
cafi,44
cbha,44
ccbd,44
cedj,44
cehe,44
each,5
ecbd,5
edcd,5
eeib,5
eeif,5
egdi,5
eghh,5
ehaj,5
ehef,5
eibf,5
cgdj,44
cicj,44
dabi,44
dadh,44
dahg,44
dbff,44
dbgi,44
dbjc,44
dfec,44
dgai,44
dgaj,44
dhbb,44
dheb,44
eafe,44
eccj,44
eddj,44
eecb,44
efab,44
efce,44
efgf,44
ehbg,44
ehbi,44
ehge,44
ehjb,44
eibb,44
eihd,44
fadh,44
fdbj,44
fdhb,44
fefg,44
feia,44
ffca,44
ffce,44
ffff,44
fhbh,44
fija,44
gagh,44
gbff,44
gbie,44
gbij,44
gbjh,44
gecd,44
gedf,44
gedh,44
gegi,44
gfjh,44
gijc,44
hacc,44
hagi,44
hdch,44
hddb,44
hdfb,44
hdij,44
hfbb,44
hhhj,44
hhji,44
idef,44
ifhg,44
ihgc,44
jcdg,44
aaaa,45
accj,45
aceh,45
adai,45
adff,45
aeae,45
aeed,45
aehe,45
agfc,45
aggi,45
aghc,45
agjj,45
ahaj,45
ahbj,45
baee,45
bahe,45
baii,45
bbfa,45
bbfd,45
bcie,45
bdgf,45
bfcc,45
bhce,45
bhfd,45
bhhj,45
bihh,45
bjfa,45
bjgc,45
caed,45
cdab,45
cdgb,45
ceaa,45
cefg,45
ceii,45
chdg,45
cidg,45
dcch,45
ddad,45
ddcd,45
ddeg,45
eibg,5
ejef,5
ejeh,5
fcaj,5
fefb,5
fgbi,5
fhej,5
fhgb,5
gafb,5
gafd,5
deha,45
dfif,45
dhdb,45
dhhb,45
djib,45
djjh,45
eaeb,45
ebhj,45
eccb,45
ecee,45
edbc,45
eehb,45
eggh,45
egij,45
ehjf,45
ejbf,45
fbfi,45
fbhj,45
fbje,45
fdjc,45
feda,45
ffdg,45
ffdj,45
fffj,45
fgda,45
fggd,45
fhbg,45
fheh,45
fidg,45
fjaf,45
gbad,45
gbfd,45
gcae,45
gceh,45
gdfb,45
gdhf,45
gegd,45
gfgb,45
gghb,45
ghec,45
ghhe,45
giah,45
gijh,45
gjbb,45
hbjd,45
hcbc,45
hdia,45
hdja,45
hfhh,45
hhhc,45
hidc,45
hiha,45
hjjf,45
ibfa,45
icce,45
icgj,45
icic,45
idch,45
ihhd,45
ihjh,45
ijbf,45
jaag,45
jagf,45
jbba,45
jbgf,45
jdef,45
jdhd,45
jfhb,45
jgdi,45
jhbb,45
jheh,45
jibb,45
jibe,45
jija,45
jjjh,45
abgc,46
abjh,46
acbh,46
aecj,46
ahhe,46
ajea,46
ajia,46
bbed,46
bdbf,46
bdeg,46
bede,46
bfga,46
bhec,46
bjie,46
caba,46
cagc,46
ccbi,46
cceb,46
cede,46
cfhd,46
cfic,46
cfig,46
cjje,46
dajj,46
dcah,46
gbaj,5
gbgh,5
gbia,5
gdjd,5
gejd,5
gfaf,5
ghfc,5
gijd,5
gjib,5
gjij,5
dcgd,46
ddac,46
deed,46
dejb,46
dfde,46
dfjf,46
dgbh,46
dgie,46
ebca,46
ecjc,46
eeac,46
ehih,46
ejfj,46
ejif,46
fadf,46
fagi,46
fbfh,46
fdgc,46
fedh,46
feea,46
ffbg,46
fgab,46
fgfg,46
fghd,46
fijc,46
fijj,46
fjdi,46
fjgf,46
gaeb,46
gaed,46
gcfd,46
gdib,46
gefd,46
gegb,46
gfeg,46
gfhe,46
giig,46
haah,46
haci,46
hajj,46
hbdd,46
hchc,46
hcie,46
hfia,46
hfja,46
hgci,46
hgic,46
hhbe,46
hhcf,46
hhjh,46
hidg,46
hjaj,46
hjba,46
hjcf,46
hjje,46
iadj,46
iafe,46
icdd,46
icha,46
icig,46
ihcc,46
iige,46
jaei,46
jbhi,46
jcbi,46
jdgd,46
jece,46
jeeh,46
jehc,46
jeii,46
jfed,46
jhfa,46
abce,47
abhb,47
acej,47
adgg,47
aeie,47
aghf,47
babf,47
bagg,47
bccf,47
bdbj,47
bdea,47
bgbi,47
bicc,47
cafd,47
cbji,47
ccbh,47
cchc,47
ccif,47
cdah,47
chch,47
ciac,47
ciib,47
cjdj,47
dahh,47
dbcf,47
deih,47
dhdg,47
djcj,47
heib,5
hfdj,5
hffa,5
hfji,5
hgfg,5
hgjd,5
hibf,5
hihf,5
hijb,5
iaae,5
djji,47
eaai,47
eace,47
edbf,47
efec,47
egdg,47
egge,47
ehdf,47
ejjb,47
facc,47
faej,47
faga,47
fbde,47
fcdj,47
fdij,47
fffa,47
fffh,47
fgag,47
fgcb,47
fghe,47
fjbg,47
fjed,47
fjgc,47
gahe,47
gaii,47
gbea,47
geag,47
gefa,47
gfad,47
ggif,47
gjbf,47
hcca,47
hhai,47
hhgg,47
hiad,47
icjd,47
idaf,47
iddj,47
iefa,47
ifdd,47
ifeb,47
igia,47
igif,47
ihgj,47
ihhb,47
ijaa,47
jbad,47
jccd,47
jfba,47
jgdg,47
jhhj,47
jjai,47
aaae,48
aaaj,48
aahb,48
acji,48
ahcb,48
ahfg,48
aijb,48
ajdg,48
bdca,48
bdhb,48
beba,48
bfge,48
bfgf,48
bgdd,48
bggd,48
biaa,48
bidi,48
cecg,48
ceje,48
cgec,48
chcf,48
chgf,48
ciae,48
cijf,48
cjbd,48
cjci,48
daai,48
dabg,48
dcih,48
ddhh,48
diec,48
djdb,48
eaag,48
eajd,48
ebej,48
ecab,48
edej,48
eeci,48
egae,48
egbc,48
ehaa,48
ehhj,48
eici,48
eidf,48
fagg,48
fbgh,48
fbhf,48
fbic,48
iabf,5
iahg,5
ibgh,5
icef,5
iebh,5
ihfb,5
ihid,5
jbbi,5
jbch,5
jfad,5
feaj,48
feei,48
ffjb,48
fhie,48
fjde,48
fjfg,48
fjhi,48
gafj,48
gbab,48
gbba,48
gbcg,48
gbib,48
gcjh,48
gdga,48
gebb,48
gecc,48
ggad,48
ghcf,48
ghch,48
gihh,48
hbaa,48
hcci,48
hdej,48
hdjf,48
heac,48
heee,48
hgec,48
hggj,48
hhje,48
hjda,48
hjii,48
ibie,48
icba,48
icib,48
igec,48
igej,48
iggd,48
ighh,48
igie,48
ihca,48
ijba,48
ijif,48
jbfh,48
jbje,48
jdbf,48
jdfi,48
jejg,48
jfih,48
jghd,48
jiea,48
jihh,48
achc,49
adjh,49
afaj,49
afhj,49
aibd,49
ajgb,49
bcac,49
bfee,49
bgbj,49
bgeh,49
bhde,49
bhfi,49
bhgj,49
biaf,49
biag,49
bjaa,49
bjfb,49
bjgd,49
caci,49
cdaf,49
cdhf,49
ceij,49
cfah,49
cggi,49
cghg,49
chba,49
chea,49
chfg,49
chid,49
cigi,49
cjda,49
dadc,49
dajf,49
dbec,49
dchd,49
dfbh,49
dffh,49
ebac,49
ebfg,49
ecdg,49
edcb,49
edfc,49
edjb,49
eegj,49
egfh,49
egid,49
eigg,49
ejjf,49
fbee,49
jfbd,5
jfdf,5
jgji,5
jjfh,5
aabh,6
aaea,6
abgb,6
acaa,6
adba,6
aece,6
ffdf,49
fffc,49
ffjh,49
fggg,49
fhed,49
fhjf,49
fjhe,49
gaee,49
gdgd,49
gfdb,49
gghi,49
ggih,49
ggjj,49
gigg,49
haig,49
hbad,49
hehf,49
hgbh,49
hgcd,49
hhbi,49
hidd,49
iade,49
icde,49
iddd,49
ieeb,49
iegh,49
ifag,49
ifcc,49
iifi,49
jbfg,49
jcbh,49
jcce,49
jcgi,49
jcij,49
jdaj,49
jdcj,49
jghi,49
jhhh,49
jhhi,49
jhid,49
jjca,49
jjij,49
aabf,50
aaig,50
abba,50
abcj,50
abie,50
afec,50
afgg,50
agad,50
ahae,50
ajbh,50
ajid,50
bdci,50
bfcb,50
bfec,50
bhbh,50
bicb,50
bigj,50
cafa,50
cbch,50
ceeh,50
ceej,50
cfab,50
chef,50
chfd,50
cigc,50
cijd,50
daca,50
dahe,50
dbgg,50
dccc,50
dche,50
deci,50
dfcg,50
dijj,50
djfa,50
eaef,50
edfh,50
edgb,50
efbf,50
efef,50
efjh,50
egbj,50
eggi,50
ehcc,50
ehfj,50
ehib,50
ehid,50
eibi,50
eigd,50
fcib,50
fdfh,50
feai,50
fejf,50
fgbh,50
fgib,50
fhdf,50
fihe,50
fjif,50
ffai,1
ffhg,1
fhca,1
fied,1
fije,1
fjcc,1
fjic,1
gddh,1
gded,1
gfgf,1
agdh,6
aiga,6
aiji,6
ajaa,6
baaj,6
baca,6
badi,6
bajf,6
bbeh,6
bbff,6
gafh,50
gahb,50
gajc,50
gcbh,50
gcfj,50
gddc,50
gfdi,50
gfjj,50
ggbb,50
gghj,50
gjaj,50
gjfj,50
haea,50
hafi,50
hahc,50
hbbh,50
hbgf,50
hcag,50
hddd,50
hdgi,50
hecc,50
hehc,50
hfcf,50
hfff,50
hghc,50
hhbb,50
hheh,50
hibg,50
hijg,50
hjja,50
iaab,50
iaeg,50
iahd,50
icif,50
idbd,50
iebg,50
iefg,50
ifhc,50
igfj,50
ihgf,50
ihhe,50
iifb,50
iiif,50
jbaf,50
jbbh,50
jbcf,50
jbhg,50
jchc,50
jddg,50
jdff,50
jdhb,50
jeji,50
jgie,50
jhfg,50
jida,50
jjfe,50
aahi,51
abeh,51
acii,51
adje,51
aefi,51
afag,51
afih,51
agca,51
ahjf,51
aifb,51
aigj,51
ajgh,51
bafj,51
bbgj,51
bcjh,51
bdad,51
bece,51
beia,51
bejc,51
bigg,51
bjjj,51
cbda,51
ccha,51
ceda,51
cege,51
cfda,51
cggd,51
cifi,51
dacb,51
dajg,51
dcba,51
ddbf,51
ddbh,51
ddci,51
ddhd,51
dedi,51
degi,51
dfdb,51
dhea,51
dihb,51
ebei,51
ebgb,51
ecfh,51
echa,51
bcdh,6
bdjg,6
beac,6
bebd,6
beib,6
bhji,6
ccdd,6
cddh,6
cegg,6
cejh,6
ecia,51
eegi,51
eehi,51
efbe,51
efgh,51
ehac,51
ehga,51
eieb,51
eihj,51
ejgg,51
ejhi,51
fbaj,51
fdcd,51
fdjh,51
ffhb,51
fhaa,51
fhcg,51
gacf,51
gchd,51
gdgi,51
gdhi,51
gead,51
gegc,51
geij,51
gejj,51
ggij,51
gjic,51
habh,51
habi,51
haij,51
hded,51
hdfh,51
hgeb,51
hgfj,51
hghg,51
hhgi,51
hhhb,51
hhie,51
hiaa,51
hjgc,51
hjhc,51
iaaj,51
ibhg,51
idid,51
ifce,51
ifid,51
igbc,51
ihci,51
ihdj,51
ihgh,51
iicb,51
jadi,51
jaeg,51
jfcb,51
jgdd,51
jghb,51
jgii,51
jjae,51
jjbf,51
abdf,52
acbb,52
acia,52
adhi,52
affd,52
ajie,52
baei,52
bcid,52
bddf,52
bdjf,52
beii,52
bgbb,52
bgcc,52
bgeb,52
bgic,52
biei,52
bija,52
bijd,52
bjgj,52
bjjf,52
caif,52
cbec,52
ccjj,52
cded,52
cgac,52
cici,52
daba,52
daij,52
daje,52
dcce,52
degg,52
deid,52
dffg,52
dgge,52
djae,52
edjj,52
eebg,52
eggg,52
eihi,52
fcga,52
fdde,52
cfbi,6
cffa,6
cfja,6
cgeg,6
chaa,6
chdi,6
cheb,6
chig,6
cicd,6
cihg,6
fecc,52
ffac,52
fffd,52
ffib,52
fgaj,52
fghf,52
fiad,52
fjeg,52
gaba,52
gabd,52
gcia,52
gfbd,52
ggeb,52
ghgh,52
gigf,52
haac,52
hbca,52
hbhe,52
hchi,52
hdcc,52
hfhb,52
hfie,52
hggh,52
hgia,52
hhgb,52
hhgh,52
hibj,52
iabh,52
iafa,52
iahc,52
ichf,52
idaj,52
idbg,52
iead,52
iecg,52
ieic,52
ifif,52
ifih,52
ijge,52
jcga,52
jchj,52
jcif,52
jfia,52
jgbe,52
jhbg,52
jied,52
acag,53
acbg,53
adfh,53
adhc,53
ahbe,53
ajfb,53
ajfc,53
baaa,53
babh,53
bbbi,53
bbga,53
bbjh,53
bcaf,53
bchi,53
bfhc,53
bhcj,53
bhei,53
cadf,53
cdbb,53
cdfc,53
cgbb,53
cjad,53
cjeg,53
dagf,53
ddeh,53
dfdf,53
dgec,53
digc,53
diid,53
djhg,53
edaf,53
edbe,53
eddf,53
eecj,53
eedg,53
eeei,53
eege,53
efdf,53
egdh,53
eiab,53
faai,53
fbij,53
fddh,53
fgdf,53
fhhe,53
fhjd,53
fifi,53
fjcf,53
fjgb,53
fjii,53
gahc,53
gebi,53
ggai,53
ggci,53
cijb,6
cjag,6
cjee,6
daad,6
dadg,6
dbhj,6
dehh,6
dfhi,6
didd,6
died,6
ggef,53
ghfg,53
gjdh,53
hbig,53
hbjj,53
hccd,53
hcjg,53
hehg,53
heig,53
hijh,53
iaag,53
idbi,53
idja,53
ieeg,53
ifji,53
ifjj,53
ihha,53
iihi,53
iiib,53
jaab,53
jbji,53
jcda,53
jeeb,53
jfha,53
jfhf,53
jghh,53
jhaa,53
jhbh,53
jhdc,53
jhfj,53
jhhf,53
jibc,53
jiii,53
jjcf,53
jjdb,53
achd,54
achh,54
adhh,54
adie,54
afdd,54
agce,54
aheb,54
ahij,54
ajga,54
ajij,54
ajjc,54
baif,54
bbae,54
bcjg,54
bdgj,54
behj,54
beif,54
bfig,54
bhgd,54
biai,54
bjcj,54
bjgf,54
cabb,54
cadc,54
cdcd,54
cggg,54
cihf,54
dadj,54
dedh,54
defa,54
dgaa,54
dhfb,54
dhha,54
dicd,54
eaab,54
eahh,54
ebgc,54
ecce,54
ecjf,54
edda,54
egec,54
fceh,54
fdhd,54
ffci,54
fhcf,54
figf,54
fjei,54
gaah,54
gabg,54
gaeg,54
gahf,54
gcag,54
gcai,54
gcha,54
gddd,54
gfcg,54
gfgc,54
ghdb,54
ghdg,54
gicc,54
giid,54
gjbd,54
gjeb,54
hafa,54
hcgc,54
digj,6
eajg,6
ebdi,6
echd,6
eddb,6
eddd,6
efcd,6
egch,6
egdb,6
ehgj,6
hcic,54
hdca,54
heag,54
hech,54
hfgj,54
hhag,54
hhgj,54
hihd,54
iaba,54
ibeg,54
ibig,54
idba,54
idbh,54
ifef,54
igbe,54
ihih,54
iibg,54
ijha,54
ijje,54
jahb,54
jaji,54
jcaa,54
jcib,54
jebg,54
jefh,54
jffb,54
jfig,54
jggi,54
jigj,54
jiih,54
jijb,54
jjeh,54
abii,55
adgi,55
adhe,55
afjj,55
agfe,55
ahgb,55
ahha,55
aiad,55
aibh,55
badg,55
bafi,55
baig,55
bdie,55
bdif,55
bfgc,55
bfjd,55
bfjg,55
bgac,55
bgjj,55
cajf,55
cbhg,55
ccch,55
cchi,55
ceed,55
cgjj,55
chfh,55
cjea,55
dacj,55
dcej,55
dcif,55
dddc,55
deie,55
dgfd,55
dggb,55
difh,55
djbc,55
eaha,55
ebae,55
ebeh,55
ebhb,55
eefa,55
ejdc,55
ejjc,55
fbjg,55
fcgj,55
fcjc,55
fcjf,55
fdbg,55
febj,55
ffbc,55
fggc,55
fhah,55
ficb,55
fjcg,55
gahi,55
gbee,55
gccf,55
gcgj,55
gdaj,55
gdeh,55
gdjg,55
gefj,55
geja,55
gfae,55
gida,55
gjea,55
haia,55
hbda,55
eija,6
ejbg,6
faba,6
fbdb,6
fefi,6
feih,6
ffcc,6
ffhi,6
fjbf,6
fjje,6
hbha,55
hddj,55
hdgh,55
hgfb,55
hgfe,55
hghe,55
hjhd,55
iabd,55
iche,55
ichh,55
idfc,55
idic,55
ieff,55
igha,55
ihfh,55
iibj,55
iicd,55
ijjh,55
jafa,55
jaga,55
jccb,55
jdda,55
jeai,55
jecf,55
jfah,55
jgag,55
jhah,55
jhei,55
jjbd,55
abef,56
acbc,56
acfe,56
acge,56
adhf,56
afeb,56
affh,56
aidj,56
aijh,56
ajcj,56
baci,56
bbgb,56
bcha,56
bdec,56
bfed,56
bfhh,56
bgbd,56
bggh,56
bgii,56
bhdj,56
bjbb,56
cafc,56
cbcb,56
cdhe,56
cfje,56
cgba,56
dcgj,56
ddjj,56
dege,56
dgci,56
dghe,56
dhfi,56
eacc,56
ebja,56
ecbe,56
ecec,56
edbg,56
edgd,56
edje,56
edjg,56
edji,56
eebi,56
eehh,56
effa,56
ehfi,56
ejbb,56
ejce,56
ejfd,56
ejhe,56
ejig,56
fadc,56
fcjg,56
fdig,56
fehi,56
fgbc,56
fhdi,56
fjdb,56
gbdf,56
gcda,56
gcjj,56
gejg,56
gfcf,56
gfej,56
gffe,56
ggfc,56
ggjf,56
gijg,56
gjac,56
gjgh,56
gjhf,56
hbee,56
gagc,6
gcij,6
gdde,6
gffj,6
ghfd,6
gjaa,6
hbai,6
hbjc,6
hegg,6
hejc,6
hbfe,56
hdef,56
hhci,56
hjef,56
iaia,56
iajf,56
idhf,56
ifgd,56
igae,56
igce,56
igcj,56
igfb,56
iidd,56
ijga,56
jacd,56
jbec,56
jcjg,56
jdah,56
jeae,56
jffa,56
jgci,56
jhcd,56
jhdb,56
jifc,56
jjbi,56
jjcj,56
jjeg,56
acbf,57
addf,57
aedc,57
afed,57
afgc,57
agab,57
ahab,57
aigi,57
ajjf,57
bahh,57
bdcc,57
bdgb,57
bfej,57
bhae,57
bhci,57
bidh,57
biie,57
bjde,57
caaj,57
cach,57
ccfd,57
cdfd,57
cdji,57
cfbc,57
chgb,57
cjcg,57
cjgh,57
cjib,57
dcdf,57
ddeb,57
ddfh,57
dega,57
dgdj,57
dgjg,57
dhif,57
diaf,57
dihe,57
djca,57
eabi,57
ecgf,57
ecib,57
eeae,57
eegh,57
eggd,57
faac,57
fcee,57
fcfi,57
feab,57
feca,57
fehc,57
ffjj,57
fhii,57
fibg,57
fiia,57
gabf,57
gajg,57
gbcc,57
gbcd,57
gbci,57
gbhb,57
gcdh,57
gdjj,57
gefc,57
ggcg,57
ghef,57
gjcd,57
gjig,57
hbih,57
hcgb,57
hdbd,57
hdgc,57
hffb,57
hgaj,57
hfab,6
hhef,6
hifc,6
hjab,6
hjdf,6
hjij,6
iaga,6
iahi,6
ibea,6
ibec,6
hieg,57
hjgf,57
iadi,57
iaib,57
iaij,57
icgg,57
idda,57
ifee,57
ifhh,57
ifij,57
ifjh,57
igba,57
ihdh,57
iife,57
jacc,57
jbdf,57
jbei,57
jbja,57
jcjj,57
jdcg,57
jddh,57
jejc,57
jfea,57
jfeb,57
jgbh,57
jgee,57
jggc,57
jhda,57
jjhi,57
aaeg,58
abje,58
aefb,58
afff,58
ahci,58
ahfj,58
ahig,58
baac,58
baba,58
bccd,58
bdeh,58
bdgh,58
bebi,58
beef,58
bejj,58
bfcg,58
bffc,58
bhej,58
bhhf,58
cabd,58
caie,58
cbbe,58
cbhc,58
cdgh,58
ceec,58
cfcc,58
cfcf,58
chde,58
chdj,58
chff,58
cjcd,58
daah,58
dadb,58
dcaf,58
dfib,58
dgce,58
dgee,58
difb,58
djfg,58
djjg,58
ecje,58
edag,58
eddg,58
ehba,58
eigi,58
fada,58
fcbj,58
fdcg,58
fefe,58
ffae,58
fgba,58
fgij,58
fhhd,58
fifd,58
gabj,58
gdfe,58
gdgb,58
gfib,58
gfji,58
habb,58
habg,58
hafj,58
hbdh,58
hbfj,58
hbhi,58
hdgg,58
hhbh,58
hiec,58
hijj,58
iaha,58
ibih,58
ibed,6
ibji,6
icda,6
icfe,6
iefe,6
ifgh,6
ifhf,6
ihgi,6
iidj,6
iiig,6
idgg,58
iegf,58
ifbh,58
igcd,58
ihbj,58
ihei,58
iijh,58
ijbe,58
ijcc,58
ijfi,58
jagb,58
jahg,58
jajf,58
jbbf,58
jbeh,58
jcfj,58
jchg,58
jdea,58
jdeg,58
jehd,58
jgcb,58
jgjg,58
jich,58
jijd,58
jjbe,58
jjjd,58
aaah,59
acbj,59
acdj,59
acje,59
adaj,59
adec,59
aebe,59
afge,59
ahjj,59
aibg,59
ajji,59
bdce,59
bdic,59
bdjj,59
beeh,59
beij,59
bfii,59
bgbc,59
bgch,59
bgee,59
bjfe,59
bjfj,59
cbdh,59
ccfg,59
cdcb,59
cefc,59
cfhe,59
cgbi,59
chgi,59
chhb,59
ciaf,59
dahi,59
dbji,59
dcec,59
defe,59
dffi,59
dgei,59
dijh,59
eagf,59
ebbf,59
ecag,59
edeb,59
eecd,59
eeef,59
efac,59
ehhd,59
ehic,59
ejfc,59
fbdc,59
fdgh,59
fgbf,59
ficg,59
fieb,59
gadb,59
gbbh,59
gbgi,59
gddi,59
geef,59
gfaa,59
ggch,59
gheb,59
ghgb,59
gjee,59
gjfh,59
gjgg,59
hadi,59
hadj,59
hcaj,59
heah,59
hegc,59
hfae,59
hgib,59
hgjf,59
hiab,59
iiij,6
ijaf,6
ijfb,6
ijid,6
ijjj,6
jahd,6
jbhj,6
jedh,6
jfcf,6
jgcg,6
hiba,59
hihe,59
hjae,59
hjfe,59
hjji,59
idce,59
iihf,59
jcdf,59
jded,59
jebi,59
jfjj,59
jgff,59
jggd,59
jhai,59
jhfi,59
jhja,59
jiab,59
jiib,59
aace,60
adfd,60
aeab,60
aedd,60
agcj,60
aiej,60
aigd,60
aiha,60
ajba,60
bcab,60
bcfc,60
bcji,60
bgdi,60
bghb,60
bhaa,60
bheh,60
bhfa,60
bica,60
bjeb,60
caib,60
cbdf,60
cbic,60
cccc,60
ccgf,60
cddj,60
cdff,60
cdfj,60
ceef,60
cfia,60
chjb,60
cicg,60
cidh,60
ciei,60
cjgj,60
cjic,60
dafe,60
dbjb,60
dchc,60
deba,60
debd,60
dfba,60
dgcd,60
dghf,60
dhjh,60
dijg,60
djeh,60
djgg,60
edbi,60
edha,60
edhc,60
eedi,60
efjb,60
eijg,60
ejcf,60
fbeb,60
fdce,60
ffda,60
fgac,60
fgfa,60
fgga,60
fhff,60
fijf,60
fjab,60
gafa,60
gbhi,60
gbic,60
gchj,60
gdai,60
gebd,60
gfhd,60
ghce,60
ghde,60
ghjg,60
gigi,60
haff,60
haic,60
hbbb,60
hccc,60
hdah,60
hdci,60
hfjj,60
hgch,60
ggbg,1
ghae,1
gihg,1
haae,1
hcbj,1
hcga,1
hdfa,1
hdga,1
hdjd,1
hehd,1
jhaf,6
jhie,6
jjag,6
jjed,6
jjfg,6
jjhe,6
aadh,7
aahe,7
abai,7
acbe,7
hhad,60
hhdj,60
hhjg,60
hjif,60
ibbh,60
ibia,60
icbb,60
idcd,60
idci,60
idha,60
ieci,60
ifbi,60
ifca,60
ifde,60
ifdj,60
iggj,60
ihba,60
ihdg,60
iiji,60
jbff,60
jcaj,60
jdaa,60
jdhe,60
jeda,60
jege,60
jeia,60
jfaa,60
jfbh,60
jfei,60
jgif,60
jhgc,60
jhhc,60
jiag,60
jidj,60
jjdd,60
jjga,60
aaeh,61
aaje,61
abbe,61
acdc,61
adcd,61
aech,61
afhb,61
afjg,61
agcc,61
agha,61
ahjc,61
aica,61
ajfj,61
ajhh,61
baeg,61
bafa,61
baij,61
bchj,61
bcib,61
bdia,61
bebg,61
bfbd,61
bfgb,61
bjdf,61
bjgg,61
bjic,61
caga,61
cbai,61
cbee,61
cbef,61
ccgb,61
cchb,61
ccie,61
cdgd,61
cedb,61
cefj,61
ceha,61
cfaf,61
cgdh,61
chhe,61
chij,61
ciga,61
cihi,61
dbbb,61
dcdg,61
dcfb,61
debb,61
deca,61
dffc,61
dfhc,61
dfji,61
dhfh,61
dicj,61
ecbf,61
ecci,61
ecdf,61
ecei,61
ecji,61
edgg,61
edih,61
eejc,61
efhd,61
efjd,61
eged,61
adch,7
aebj,7
aehc,7
afdf,7
ahda,7
ahjb,7
aihf,7
aije,7
ajbf,7
bbdg,7
egei,61
eich,61
eidg,61
facf,61
fbae,61
fbcd,61
fdif,61
feag,61
fehb,61
ffbh,61
fgde,61
fhfh,61
fhij,61
fibd,61
fijg,61
fjeb,61
gchi,61
gfag,61
gfcc,61
gffh,61
gghh,61
ghbe,61
gihe,61
gijf,61
gjae,61
gjgf,61
habj,61
hahd,61
hbbj,61
hbdi,61
hdfj,61
hdha,61
hebh,61
hffj,61
hfgc,61
hgig,61
iagh,61
icaj,61
icie,61
icjj,61
iefj,61
iejd,61
iejj,61
igad,61
ihjd,61
ijcg,61
jabb,61
jbdb,61
jbjj,61
jdij,61
jeaj,61
jeie,61
jfej,61
jgeg,61
jhfd,61
jidi,61
jjch,61
abbh,62
acec,62
afhh,62
agdb,62
agjd,62
aicf,62
ajjh,62
badh,62
bbbc,62
bcbc,62
beji,62
bgdf,62
bhab,62
bhdg,62
bida,62
biib,62
caeg,62
cbfa,62
ccij,62
cecc,62
cfag,62
cgbj,62
cgif,62
cgjb,62
chai,62
cjah,62
cjcf,62
cjff,62
deif,62
dgac,62
dgdb,62
dgef,62
dhjc,62
ebga,62
ebji,62
efhg,62
egji,62
eicf,62
ejbh,62
ejga,62
fdje,62
fgfb,62
fhgf,62
bfae,7
bfdc,7
bggf,7
bhbe,7
bjff,7
cagj,7
cbjc,7
cdib,7
cfbe,7
cgce,7
fibe,62
fiig,62
fjea,62
gaha,62
gdcd,62
geaa,62
gehf,62
gfca,62
gggi,62
gidi,62
gjca,62
hdic,62
heab,62
hfbd,62
hgcb,62
hgji,62
hhbj,62
hhig,62
hici,62
hifj,62
hiji,62
hjhg,62
iaci,62
iaeb,62
ibaf,62
ibee,62
icbg,62
idfi,62
iecb,62
ieej,62
iegj,62
ifaa,62
igaf,62
ihbf,62
ihff,62
ihfg,62
iiie,62
ijai,62
jaib,62
jcfh,62
jdie,62
jfeh,62
jffd,62
jghj,62
jhjg,62
jieg,62
jifa,62
jigb,62
jjcd,62
abga,63
aeah,63
agbe,63
agde,63
agii,63
aicb,63
ajae,63
ajgg,63
badc,63
bcgb,63
bfaa,63
bhag,63
bhia,63
bhjj,63
bjbh,63
bjda,63
bjhc,63
bjij,63
ccdi,63
ccei,63
cdie,63
cebb,63
cfci,63
cgfh,63
chga,63
cjgc,63
dabd,63
dade,63
dbbi,63
dbib,63
ddbe,63
dfbd,63
dgfe,63
dife,63
djbg,63
ebah,63
ebbg,63
ecjd,63
edab,63
eefi,63
eeig,63
ehhg,63
eiae,63
ejea,63
ejjd,63
fbga,63
fcac,63
fdfc,63
fdfj,63
fefj,63
fegj,63
cgjg,7
chcg,7
cibc,7
cife,7
cjeb,7
dheh,7
dhhc,7
diag,7
difg,7
djde,7
ffcj,63
fgfj,63
fhda,63
fhea,63
gaid,63
gehd,63
gfbb,63
gffg,63
gfhi,63
ggge,63
ghga,63
giae,63
haba,63
haef,63
hbbg,63
hbff,63
hcei,63
hcii,63
hdhe,63
heaf,63
hfcj,63
hfgb,63
hgac,63
hghd,63
hhei,63
hijd,63
hjdd,63
hjhh,63
hjie,63
iafi,63
ibaa,63
ibdh,63
idae,63
ieaa,63
igcf,63
igdd,63
igdh,63
igea,63
ihbc,63
ihef,63
iije,63
ijhd,63
jcag,63
jced,63
jeih,63
jfaf,63
jfbi,63
jgaa,63
jgjb,63
jgjj,63
jiac,63
jicj,63
aahh,64
abfj,64
acba,64
adjc,64
adjd,64
aedi,64
agfi,64
ahjd,64
aich,64
badf,64
bage,64
bcba,64
bdii,64
bfia,64
bhdh,64
bibe,64
bjef,64
bjej,64
cahe,64
cajc,64
cbhi,64
ccde,64
cdec,64
cdei,64
cebi,64
cgaj,64
cifg,64
cjdf,64
dacg,64
dbgj,64
dcbb,64
dgah,64
dhcf,64
ecch,64
edce,64
efae,64
efdj,64
efej,64
eghb,64
egja,64
ehhf,64
ejaf,64
faaf,64
fbfe,64
fbif,64
fbji,64
fcfa,64
fdgd,64
djha,7
eahb,7
eahd,7
ecjh,7
edge,7
edie,7
efcb,7
effb,7
effg,7
ehcb,7
fedd,64
fffi,64
fheg,64
fiib,64
gbih,64
gchf,64
gdbd,64
gdge,64
gfai,64
gfdd,64
ghff,64
ghid,64
hacf,64
hhha,64
hiah,64
hice,64
hicf,64
hidb,64
hjdi,64
hjec,64
hjej,64
iaff,64
ibcj,64
ibdb,64
ibfc,64
ibje,64
ifac,64
ifbb,64
iffj,64
ihhj,64
ijce,64
jajj,64
jbfi,64
jcdh,64
jcec,64
jdcf,64
jeha,64
jgbg,64
jhcc,64
jjej,64
aaja,65
abca,65
abdd,65
abij,65
acaf,65
acij,65
afch,65
bcfh,65
bdaa,65
bdch,65
bfdf,65
bfgj,65
bfic,65
bhcf,65
bihi,65
bjag,65
cabf,65
cafg,65
cafj,65
cbge,65
ccce,65
ccdb,65
ccef,65
cgcb,65
cgdc,65
cgej,65
cgib,65
chfj,65
cjbc,65
cjfb,65
cjjg,65
daeh,65
daie,65
dcbe,65
deac,65
deei,65
deff,65
dfbj,65
dggh,65
dhab,65
dhih,65
dieh,65
eaad,65
edgh,65
eece,65
eejf,65
efbh,65
efed,65
efhf,65
eiga,65
fbeg,65
fbjd,65
fecf,65
fedj,65
fged,65
gaai,65
gach,65
gbda,65
gdcc,65
gdce,65
fabc,7
faij,7
fche,7
fdeb,7
fgdh,7
fghj,7
fiac,7
fihg,7
fjjf,7
gafg,7
gfcb,65
gfie,65
gfif,65
ghgi,65
gibf,65
gidf,65
gifa,65
gjhe,65
hcee,65
hdeh,65
heeg,65
hfjh,65
hgeg,65
hgff,65
hgga,65
hhhf,65
hjid,65
ibbe,65
iccf,65
icij,65
ifha,65
iged,65
ihib,65
ijad,65
ijhf,65
jaeb,65
jaij,65
jbcc,65
jbjc,65
jcii,65
jdaf,65
jdid,65
jedb,65
jfab,65
jfec,65
jfgd,65
jgfb,65
jgjf,65
jifg,65
aaad,66
aage,66
abhf,66
acdf,66
acjf,66
addg,66
adej,66
adgh,66
afcc,66
afia,66
agch,66
agei,66
aiah,66
aiid,66
aijc,66
ajfd,66
ajhd,66
baff,66
bddb,66
bdfi,66
beff,66
bejf,66
bffi,66
bhfj,66
biaj,66
bjab,66
cadj,66
caig,66
cbfg,66
ccff,66
cegh,66
cfac,66
cjhc,66
daee,66
dagh,66
dbbc,66
dccd,66
ddji,66
dgad,66
dgdh,66
diia,66
eccc,66
echc,66
efeg,66
efeh,66
efff,66
ejff,66
fadd,66
fbcf,66
fdha,66
fege,66
fehj,66
fejh,66
fffe,66
fgci,66
fgjf,66
fhgg,66
figd,66
fihd,66
fiij,66
fjbj,66
gahg,7
gbeg,7
gbgg,7
gcbf,7
gcbg,7
gcdd,7
gcff,7
gdea,7
ghad,7
giei,7
gagg,66
geac,66
ggce,66
ggcj,66
ggii,66
ghbb,66
ghej,66
ghje,66
gijb,66
gjcb,66
gjdg,66
gjgi,66
gjhj,66
hbba,66
hbjh,66
hcba,66
hcfc,66
hcif,66
hedj,66
heea,66
hfeb,66
hfgg,66
hhia,66
hieh,66
hjfb,66
iaah,66
iabj,66
idad,66
idff,66
iebd,66
ieee,66
igii,66
igjh,66
iiac,66
iibe,66
iiei,66
jabe,66
jdif,66
jead,66
jejh,66
jfcg,66
jhac,66
jhff,66
jjac,66
jjig,66
aagg,67
abbc,67
abfd,67
abgf,67
abia,67
adah,67
adfb,67
adhg,67
aecc,67
aeja,67
afea,67
agac,67
ahdi,67
ahgd,67
ahhb,67
aiaj,67
aifg,67
ajee,67
bdab,67
bdei,67
becg,67
beda,67
bffe,67
bhac,67
bhaf,67
bhcg,67
bhdc,67
bhee,67
bjjc,67
cacf,67
cdbg,67
cddb,67
cged,67
cghd,67
cgie,67
chaf,67
cifj,67
daji,67
dbag,67
dbdg,67
dbfj,67
deai,67
decg,67
dgih,67
dhda,67
dhje,67
dida,67
dief,67
diga,67
djbf,67
eaid,67
eaij,67
ebdj,67
ebif,67
eceh,67
gihj,7
haca,7
hagd,7
hbgi,7
hbhh,7
hcdi,7
hffh,7
hfhg,7
hfid,7
hfjd,7
effj,67
egie,67
ehha,67
eiea,67
ejch,67
ejeb,67
ejei,67
fach,67
fdbh,67
fdch,67
fecb,67
feci,67
fehg,67
ffbj,67
fgdi,67
fgfh,67
fhbe,67
fhcc,67
fiej,67
fiii,67
fjbd,67
fjfi,67
gade,67
gadj,67
gahj,67
gcgh,67
geai,67
gebe,67
gecg,67
gffi,67
ggdf,67
ghbf,67
ghbj,67
giba,67
gicg,67
hcbf,67
hcij,67
hdda,67
hdhj,67
hfcd,67
hghi,67
hhda,67
hhfh,67
hidj,67
iabg,67
iagc,67
ibch,67
ibii,67
icga,67
idee,67
idjd,67
ifja,67
ihjj,67
iiaf,67
iiec,67
ijbj,67
ijdh,67
ijhj,67
jegg,67
jffg,67
jhgb,67
jhje,67
jicc,67
jjji,67
aagh,68
abhi,68
acch,68
adcc,68
aebb,68
aehh,68
afde,68
agaa,68
agdc,68
ajcb,68
babj,68
baib,68
baja,68
bbic,68
bcbh,68
bcga,68
bfgg,68
bgfe,68
bhdb,68
bibb,68
bifi,68
biid,68
bjhh,68
bjhi,68
cahb,68
cbci,68
cbdj,68
ccgd,68
cddi,68
cegd,68
cfcj,68
cfdd,68
cfde,68
cffc,68
cghf,68
chdf,68
hgde,7
hhdi,7
hihb,7
hjah,7
hjde,7
iaaf,7
iaei,7
ibeh,7
ibgj,7
ieag,7
chgj,68
cjbi,68
dadd,68
dbda,68
dbjf,68
dcbi,68
ddbj,68
dddd,68
deaf,68
dgcf,68
dhhg,68
dhjb,68
dibe,68
difj,68
djce,68
djfe,68
eafj,68
eaic,68
ebgh,68
ecca,68
ecff,68
ecjj,68
eedd,68
eeid,68
egfc,68
ehda,68
eiaf,68
ejgd,68
faca,68
fbdg,68
fcbh,68
fcde,68
fcje,68
feja,68
ffch,68
fggh,68
fgic,68
fhhh,68
ficc,68
fifb,68
fjji,68
gbbg,68
gbbi,68
gbec,68
gfdc,68
gfdg,68
gfje,68
gggf,68
gggj,68
ghag,68
gice,68
gicj,68
giij,68
gjaf,68
gjbj,68
gjhd,68
hcbe,68
hcha,68
hddf,68
hdid,68
hecb,68
hefb,68
hefh,68
hfdc,68
hfhi,68
hhff,68
hjbh,68
iagf,68
ibca,68
icaf,68
icfi,68
idfb,68
idig,68
ieih,68
ieji,68
ifff,68
ifhb,68
igfh,68
ihdd,68
ijcd,68
ijfg,68
jaid,68
jbda,68
jgce,68
jjbg,68
abhh,69
abjb,69
acef,69
acgj,69
adfc,69
aeaa,69
afab,69
afdg,69
agic,69
aidb,69
aigc,69
aihj,69
bbad,69
bchg,69
bdij,69
iehd,7
ifhj,7
ihde,7
ihhg,7
iibd,7
iidc,7
iiea,7
iiih,7
ijdc,7
jahi,7
bfdj,69
bgdj,69
biff,69
bjac,69
bjba,69
cabe,69
cbbj,69
cbfe,69
cbjh,69
cdha,69
cfad,69
cfbb,69
cgde,69
cggc,69
cjbj,69
cjgd,69
dbce,69
dbdb,69
dcii,69
dcjj,69
ddba,69
deee,69
deig,69
dfgb,69
dfie,69
dggf,69
dhbf,69
diab,69
diig,69
eajh,69
ebjc,69
eced,69
ecfe,69
echg,69
edae,69
edib,69
eeaa,69
eiff,69
ejfa,69
faeg,69
fafj,69
faih,69
fbej,69
fbib,69
fbjj,69
fcfg,69
fdad,69
fdfd,69
ffde,69
ffeb,69
ffji,69
fgad,69
fgcc,69
fheb,69
fiih,69
fjcb,69
gbdg,69
gefg,69
ggjd,69
ghba,69
ghib,69
ghjh,69
hadb,69
hddh,69
hfga,69
hgbj,69
hgdi,69
hhee,69
hifa,69
iaai,69
iaee,69
iahe,69
ibce,69
ibja,69
icdb,69
ichd,69
ieid,69
ihch,69
ijdg,69
jafc,69
jahf,69
jbac,69
jdcc,69
jffh,69
jfgb,69
jfhg,69
jfib,69
abah,70
abcg,70
abde,70
abeb,70
abjc,70
adja,70
aeda,70
agbh,70
ahdj,70
baga,70
bbia,70
bebh,70
bejd,70
hfda,1
hfdb,1
hhea,1
hied,1
hifg,1
hjjd,1
ibci,1
ibfb,1
icai,1
icea,1
jbde,7
jdba,7
jdfc,7
jdia,7
jeic,7
jfcc,7
jhcb,7
jhgj,7
jhha,7
jhih,7
bieh,70
bihc,70
biih,70
bjbd,70
bjje,70
cbbi,70
cbhf,70
ccag,70
cccd,70
cegb,70
cejc,70
cfbd,70
cffb,70
chfb,70
cjih,70
ddfd,70
debc,70
dejc,70
dfhf,70
dgfi,70
dhii,70
digg,70
diif,70
ecae,70
ecej,70
edjd,70
efcg,70
efie,70
egbe,70
egcd,70
egff,70
ehdd,70
fagh,70
fcfc,70
fdej,70
febb,70
fech,70
feeh,70
fegf,70
ffag,70
ffhd,70
fgbj,70
fhdc,70
fjij,70
gaie,70
gbbc,70
gcjd,70
gedc,70
gehj,70
ghfb,70
ghhf,70
gjce,70
gjdf,70
gjih,70
hacb,70
hdhc,70
hdhd,70
hejg,70
hfaa,70
hgaa,70
hggi,70
hhgf,70
hihi,70
iaac,70
ibhi,70
icge,70
idga,70
iech,70
iejg,70
ifdc,70
ihgg,70
iiab,70
jbfb,70
jchh,70
jdcb,70
jehh,70
jgbi,70
jhbe,70
jhjd,70
aaeb,71
abji,71
adag,71
adia,71
ahid,71
aiaf,71
ajcf,71
ajff,71
bahc,71
bcag,71
bcij,71
becc,71
bfcj,71
bfji,71
bgdc,71
bgdh,71
bghc,71
bhch,71
bjad,71
bjca,71
bjcb,71
jjgi,7
aaed,8
aaej,8
aafc,8
aajd,8
abdg,8
aefd,8
afig,8
ahaf,8
ahbd,8
bjdc,71
bjif,71
cacd,71
caec,71
cbfb,71
ccih,71
cdgf,71
ceih,71
chcb,71
ciie,71
ciji,71
cjjd,71
daha,71
dajb,71
dbcb,71
dbch,71
ddjc,71
deaj,71
dfgf,71
dhbh,71
dhfd,71
dhhe,71
diih,71
djag,71
djdi,71
eadd,71
eagh,71
ebia,71
ecbg,71
ecjg,71
eeda,71
eeha,71
efdg,71
ehbd,71
ehdc,71
eiai,71
eihh,71
eiia,71
fabd,71
fbha,71
fceb,71
fcgh,71
fdeg,71
fedb,71
ffia,71
ffid,71
ffjd,71
fjbe,71
fjef,71
fjhd,71
fjhf,71
fjjg,71
gdjf,71
geha,71
geji,71
gfjc,71
gghc,71
gide,71
gifi,71
haai,71
hada,71
hagf,71
hajc,71
hbdb,71
hbde,71
hbie,71
hbje,71
hcjj,71
hdjc,71
hfad,71
hfde,71
hfhc,71
hgae,71
hjhb,71
ibbd,71
idfj,71
ifai,71
ifgb,71
igcc,71
iidb,71
ijff,71
jaha,71
jcci,71
jecg,71
jeef,71
jfdj,71
jgbj,71
jgcd,71
jhhb,71
jiee,71
aaba,72
aabe,72
aafd,72
aaia,72
acaj,72
adbd,72
adbe,72
aegb,72
affg,72
ajdc,72
ajjg,8
badb,8
bahi,8
bbde,8
bbhb,8
bcae,8
bcdi,8
bcfa,8
bcgg,8
bfhg,8
bbcb,72
bceb,72
bdcj,72
bdeb,72
bead,72
begj,72
bfce,72
bfij,72
bhge,72
bife,72
bjjd,72
caai,72
caia,72
cbdd,72
cejf,72
cfhi,72
cgcj,72
cghb,72
chca,72
cibb,72
cibe,72
cigh,72
cjej,72
cjfi,72
cjgb,72
daed,72
dagg,72
dbii,72
dcea,72
ddfa,72
dech,72
dehe,72
dfaf,72
dfei,72
dfih,72
dgff,72
dgje,72
djbe,72
ebhh,72
edga,72
eijb,72
ejib,72
fagb,72
fahd,72
fahi,72
fbid,72
fbjb,72
fcgb,72
fhgh,72
figj,72
gabe,72
gagi,72
gaic,72
gbjf,72
gceb,72
gecf,72
ggdd,72
gjba,72
hafb,72
hbci,72
hbfi,72
hcah,72
hcbh,72
hcdb,72
hceb,72
hdfc,72
hegi,72
hfef,72
hfgi,72
hfib,72
hgeh,72
hiij,72
hjbd,72
icec,72
iedg,72
igac,72
igig,72
ihbe,72
iiah,72
iich,72
iidf,72
iigd,72
ijcj,72
ijeh,72
ijgh,72
ijic,72
jafg,72
jbgd,72
jcbb,72
jchb,72
jgjc,72
jhej,72
jhia,72
jiha,72
jjbj,72
abjj,73
acfc,73
aead,73
afif,73
ahcj,73
bfje,8
bhea,8
bigf,8
biij,8
cada,8
cajg,8
cbdg,8
cchg,8
cdce,8
ceae,8
ahie,73
ahih,73
aicd,73
bbai,73
bdgg,73
bedd,73
bega,73
bhcb,73
bhie,73
bhje,73
biif,73
bjai,73
cacj,73
cahd,73
cbga,73
ccia,73
cdjd,73
cecf,73
cefd,73
cffg,73
cgcc,73
cgfe,73
chhj,73
ciag,73
cjaf,73
dace,73
dbad,73
dbci,73
dbfb,73
dbhg,73
dejg,73
dfcd,73
dfej,73
dgbg,73
dgha,73
dhba,73
djcf,73
djcg,73
ebag,73
ebai,73
ebef,73
ebfc,73
ecjb,73
egde,73
ehhi,73
ehig,73
eije,73
eijh,73
ejbe,73
fadb,73
fbce,73
fcbc,73
fecj,73
fejg,73
fgcg,73
fggi,73
fghh,73
fhei,73
fjjd,73
gbfb,73
gbgc,73
gbhe,73
gbid,73
gdaf,73
gdje,73
ggdb,73
ggff,73
ggfj,73
gggd,73
ggja,73
gidg,73
gjfg,73
hcec,73
heec,73
heeh,73
heja,73
heje,73
hghb,73
hjad,73
hjjb,73
iajh,73
ibbi,73
ibjh,73
ieed,73
ighf,73
igjc,73
ihgb,73
ihgd,73
iiad,73
ijib,73
jdbe,73
jdec,73
jdha,73
jeci,73
jeig,73
jfac,73
jiaf,73
jiai,73
accb,74
acde,74
cieh,8
cjbh,8
cjdc,8
cjij,8
cjja,8
dfaj,8
diic,8
djad,8
eadf,8
ecge,8
acga,74
achg,74
adcj,74
adea,74
aebc,74
ahje,74
aiba,74
ajei,74
ajha,74
bbid,74
bcef,74
befi,74
bfbf,74
bfid,74
bheg,74
biea,74
bihd,74
bjdh,74
bjeh,74
cacg,74
cegc,74
chhc,74
chhd,74
cjcc,74
dbbj,74
ddcf,74
ddec,74
ddfi,74
dedc,74
dfgc,74
dfgd,74
dfhd,74
dggj,74
dhed,74
dhhd,74
eafc,74
ebge,74
eehf,74
eeji,74
egac,74
eggc,74
egif,74
eihc,74
ejcj,74
ejdi,74
fabe,74
facd,74
fbhg,74
fddf,74
fdff,74
fdib,74
febc,74
fiba,74
fifc,74
fihi,74
gafi,74
gbej,74
gece,74
geee,74
ghai,74
ghjd,74
giai,74
gihi,74
hafe,74
hbbi,74
hcab,74
hcgh,74
hebg,74
hecg,74
heed,74
hhfd,74
hicb,74
hjaf,74
ibgc,74
iedb,74
iifj,74
jbbj,74
jcad,74
jdhc,74
jdih,74
jfdd,74
jgid,74
jhad,74
jjgg,74
aadj,75
acdg,75
addd,75
aded,75
aeei,75
afdi,75
afei,75
afhg,75
agej,75
ahai,75
aide,75
bahg,75
bbji,75
bcif,75
bdcb,75
bdge,75
ecgh,8
edca,8
edcc,8
eeja,8
efag,8
efch,8
eggj,8
eiii,8
facj,8
fbch,8
beae,75
becj,75
bedb,75
beed,75
bjbe,75
caeh,75
cbbh,75
ccbg,75
ccjh,75
cdad,75
cdeh,75
ceba,75
cedi,75
cfch,75
cfif,75
chdb,75
chib,75
ciab,75
cjfd,75
cjfe,75
dabf,75
dafh,75
dajh,75
dcef,75
dchg,75
dejd,75
dejj,75
dfeg,75
dffb,75
eaje,75
ebdb,75
ebfe,75
eeee,75
efcf,75
egef,75
eheg,75
eiec,75
eige,75
fcag,75
fcig,75
fdhj,75
ffgj,75
fgaa,75
fgeg,75
fidj,75
fieh,75
fiei,75
gabh,75
gafe,75
gbai,75
ghgc,75
ghie,75
hcjc,75
hecd,75
hffe,75
hhcd,75
hiic,75
hjei,75
hjge,75
icbc,75
ieac,75
iehf,75
ieig,75
ifbc,75
iihg,75
jadd,75
jadj,75
jbbd,75
jbic,75
jceh,75
jcgj,75
jdeh,75
jefj,75
jfae,75
jici,75
jjbb,75
aadb,76
abbf,76
abfg,76
acfb,76
acid,76
aebg,76
aejb,76
afgj,76
ajhc,76
bbhg,76
bcjj,76
beha,76
bejb,76
bffh,76
bgde,76
bgff,76
bgge,76
bhgg,76
bjja,76
cabj,76
cdaa,76
cdhi,76
ceca,76
cgfb,76
fbia,8
fcbe,8
fccd,8
fdda,8
fddj,8
fice,8
fijd,8
gagj,8
gbca,8
gdjc,8
cihc,76
ciif,76
cjbg,76
ddgg,76
ddhf,76
dehj,76
dfbg,76
dfed,76
dfhb,76
dgej,76
dibf,76
diii,76
djii,76
eadh,76
eaee,76
eaib,76
efhj,76
eghe,76
ehie,76
eidi,76
fahb,76
fdjd,76
fdjj,76
fefa,76
ffah,76
ffdi,76
fghg,76
fida,76
fifj,76
gacg,76
gada,76
gaja,76
gbaf,76
gbce,76
gbji,76
gcfa,76
gfch,76
gfcj,76
gfhc,76
ghcd,76
gibh,76
hahe,76
hbcb,76
hbge,76
hbij,76
hdgb,76
hdhi,76
hdib,76
hecj,76
hgdg,76
hhaf,76
hhde,76
hiig,76
hjbj,76
hjff,76
hjjh,76
iacg,76
iafg,76
iccd,76
iefc,76
iefi,76
iehe,76
igdg,76
ihfe,76
ihje,76
ijag,76
ijdb,76
jabf,76
jaed,76
jbab,76
jbce,76
jbjh,76
jcdb,76
jdii,76
jeag,76
jedg,76
jedi,76
jjia,76
aabd,77
aefg,77
afib,77
ahcg,77
aiee,77
ajgd,77
bcce,77
bgbe,77
bhda,77
bhgb,77
cbed,77
cbib,77
cbjb,77
cdea,77
cdhg,77
cejj,77
cfga,77
cibh,77
cjaa,77
cjdb,77
cjdi,77
cjjb,77
gehh,8
geid,8
gfdh,8
gffd,8
gfge,8
gfgi,8
gfig,8
ggda,8
ghia,8
giie,8
dbaj,77
defb,77
dfbb,77
dgjf,77
dich,77
difa,77
eafi,77
ebfi,77
ebie,77
ebih,77
ecdi,77
edfj,77
edhh,77
edif,77
eeag,77
eebj,77
eehe,77
eeij,77
efcc,77
ehae,77
ehcj,77
ehdj,77
ehfc,77
ehhe,77
eiah,77
eibc,77
ejae,77
ejgj,77
fahc,77
fcai,77
fccb,77
fcgd,77
ffab,77
fgfc,77
fggb,77
fhbj,77
fhdd,77
fhja,77
gaih,77
gbfj,77
gcid,77
geii,77
gfgg,77
gfhf,77
ggcb,77
ggdi,77
gifj,77
gjde,77
haaj,77
hbic,77
hbii,77
hcej,77
hdcg,77
hdje,77
heba,77
heha,77
hfcc,77
hgge,77
hhab,77
hhfc,77
hibi,77
hjag,77
ibcf,77
iccg,77
ihfd,77
iifh,77
ijed,77
jafb,77
jbjb,77
jcdd,77
jcfi,77
jebe,77
jfaj,77
jfch,77
jife,77
jiia,77
jije,77
abae,78
abag,78
abih,78
adaa,78
adad,78
adcf,78
adga,78
afaa,78
afae,78
afcb,78
afcg,78
ahac,78
aieg,78
aihg,78
ajdi,78
babd,78
bbhj,78
bdhc,78
bgij,78
bhed,78
cdbe,78
ceic,78
cfbj,78
hbce,8
hbgj,8
hbjb,8
hcae,8
hebb,8
hefc,8
hfig,8
hhfb,8
ifba,8
ifdh,8
cffe,78
chac,78
chdd,78
chjg,78
dbhh,78
dbia,78
dcfe,78
dcjh,78
ddab,78
ddae,78
ddcj,78
ddha,78
debg,78
dfgg,78
dgeb,78
dhah,78
dhdj,78
dhgf,78
ebed,78
ecif,78
edhg,78
egfg,78
ehfa,78
fbhi,78
ffhf,78
fjeh,78
fjej,78
gaaj,78
gccj,78
gdcg,78
gdha,78
gfgj,78
gfii,78
ggbh,78
ggbj,78
gged,78
giga,78
giia,78
gjch,78
gjci,78
hagc,78
hagj,78
hbah,78
hbbd,78
hcbb,78
hcfi,78
hdai,78
hddg,78
heif,78
heji,78
hhbc,78
hhbd,78
hhib,78
hjcg,78
iadg,78
iaic,78
ibde,78
igfi,78
ihaa,78
ihdi,78
iihe,78
ijae,78
jbfj,78
jcdc,78
jdjj,78
jeba,78
jefa,78
jfce,78
jghf,78
jhfc,78
jhif,78
jjgb,78
aaci,79
affe,79
afgh,79
ahej,79
aihc,79
aiih,79
ajbd,79
bacj,79
bbab,79
bbii,79
bcfg,79
bdah,79
bdhf,79
begg,79
bgei,79
bhca,79
bidd,79
bjah,79
cbbd,79
cddg,79
cdga,79
cdgc,79
cfid,79
chjd,79
cieg,79
dbic,79
dcjb,79
ddjh,79
igjf,8
ihej,8
ijfc,8
jbef,8
jbid,8
jchi,8
jddb,8
jfii,8
jiad,8
jiaj,8
dgde,79
dggg,79
dhff,79
dhge,79
dhie,79
djch,79
djei,79
ebcd,79
ebci,79
eefc,79
eefd,79
eegc,79
eehg,79
efia,79
faea,79
fbeh,79
fdbd,79
fedi,79
ffef,79
fgbg,79
fgej,79
fiai,79
fibi,79
fjgj,79
gaag,79
gbhc,79
gbhh,79
gccd,79
gcef,79
geba,79
gfih,79
ggae,79
ghfh,79
ghih,79
gich,79
hbgb,79
hddi,79
hehh,79
hfjf,79
hidf,79
hjgg,79
iacd,79
iadb,79
ibai,79
icfb,79
ifah,79
ifjc,79
iggg,79
igih,79
ihcg,79
ihfa,79
iijd,79
jcah,79
jegi,79
jhdg,79
abaj,80
abda,80
accd,80
adeb,80
afii,80
ahed,80
aiea,80
ajca,80
babb,80
bbgg,80
bcdd,80
bdha,80
bedj,80
bfai,80
bggc,80
bgje,80
bhhe,80
bhii,80
bidg,80
cabg,80
cbaj,80
cbia,80
cbif,80
cdca,80
cedc,80
cedh,80
ceia,80
cfcg,80
cgah,80
chia,80
ciaa,80
cjgi,80
dacd,80
daea,80
dafb,80
dbha,80
dbhd,80
deje,80
dgdf,80
dhai,80
dicc,80
eabd,80
egag,80
egca,80
egfa,80
iceg,1
icjb,1
idai,1
idjb,1
iejh,1
igaj,1
ighb,1
igij,1
iifa,1
jacb,1
abcd,9
abgj,9
acgf,9
adjb,9
aeee,9
aefe,9
afcj,9
agbc,9
ahhj,9
aiib,9
ejca,80
ejfe,80
ejia,80
faii,80
fbag,80
fefd,80
fegh,80
fgge,80
fgid,80
fgii,80
fhae,80
fjee,80
gcbj,80
gcei,80
gdad,80
gdda,80
gdeg,80
geie,80
gfbc,80
gfhg,80
ggej,80
ghdh,80
ghdj,80
gieb,80
gief,80
hahi,80
hajd,80
hbgc,80
hcda,80
hfci,80
hfdg,80
hfhe,80
hgbc,80
hjcc,80
iaid,80
icaa,80
iebf,80
iece,80
iefd,80
igca,80
igfg,80
ighj,80
ihdb,80
ihfc,80
jbaa,80
jbie,80
jdbi,80
jeeg,80
jfhj,80
jgij,80
jhgi,80
jifd,80
jjdc,80
aafb,81
aahj,81
acci,81
aceb,81
acfd,81
aegg,81
aegi,81
ahdc,81
aihh,81
babe,81
bbeg,81
bdga,81
bdja,81
bfff,81
bgaf,81
bgdb,81
bjee,81
cbid,81
cchh,81
cejb,81
cfdh,81
cfgg,81
cgfc,81
ciaj,81
ciid,81
ciig,81
cjde,81
cjeh,81
cjia,81
daag,81
dabb,81
dafj,81
daid,81
dcbd,81
dfbe,81
dihg,81
djcd,81
djda,81
djdd,81
djed,81
eacg,81
eceg,81
eecf,81
efge,81
efii,81
ehch,81
ehgc,81
bafb,9
bdfh,9
bdji,9
bech,9
beie,9
bfaj,9
bfha,9
bggg,9
bide,9
bihe,9
eifi,81
ejec,81
fabh,81
fajd,81
fajj,81
fcfj,81
fdhg,81
fdjf,81
fgfi,81
fgjj,81
fiaj,81
fibh,81
fiff,81
figb,81
fjdd,81
gadc,81
gajh,81
gajj,81
gchg,81
ggha,81
gjcf,81
gjjj,81
haab,81
hacj,81
hbbf,81
hbjf,81
hcgd,81
heaj,81
hefi,81
hfac,81
hfea,81
hffd,81
hgej,81
higb,81
hige,81
hjee,81
ibei,81
icbj,81
icgd,81
ichc,81
idji,81
iebj,81
iibf,81
iici,81
jaad,81
jajh,81
jbib,81
jcgb,81
jcih,81
jebj,81
jehg,81
jhde,81
jhdf,81
jjeb,81
adef,82
afba,82
afbh,82
afhd,82
agec,82
aibi,82
baai,82
badd,82
bbif,82
bddi,82
bfbb,82
bfdh,82
bfei,82
bhad,82
bhih,82
bigb,82
cadb,82
cbad,82
cdgg,82
cece,82
cefh,82
cjab,82
dbei,82
dbgb,82
deah,82
degd,82
dehi,82
dhcb,82
djgj,82
djid,82
echh,82
edgc,82
egjb,82
eicj,82
ejab,82
ejbd,82
ejeg,82
fbbe,82
fcfb,82
feji,82
ffaf,82
fghb,82
fjgg,82
gajd,82
gbfe,82
gcbe,82
cacb,9
caij,9
cbdb,9
ccbc,9
cccb,9
ccjg,9
cdee,9
ceaj,9
cebd,9
ceee,9
gcdg,82
gdia,82
geff,82
ggdg,82
ghjb,82
hcdh,82
hdgf,82
hedi,82
hgba,82
hgdd,82
hgfh,82
hgie,82
hhfe,82
hjih,82
ibhh,82
icbe,82
igdb,82
igdi,82
igid,82
ihfi,82
ijgi,82
ijhg,82
jahe,82
jbij,82
jdfb,82
jfdb,82
jfgh,82
jgej,82
abdb,83
acgc,83
adhj,83
aege,83
aejh,83
ahbg,83
ahgc,83
aici,83
aiec,83
ajdb,83
bbag,83
bbcg,83
bbfj,83
bcgc,83
bdbb,83
bfif,83
bfjf,83
bhcd,83
bhfb,83
bhfc,83
bhjd,83
bjdd,83
bjdj,83
cajd,83
cajh,83
cbeb,83
cbhb,83
ccga,83
cddc,83
cdih,83
cfbf,83
cfei,83
cgbe,83
cgdi,83
cgef,83
cgfg,83
chec,83
ciej,83
daac,83
dbbf,83
dbhb,83
ddai,83
dgba,83
djba,83
djhj,83
eacb,83
eccg,83
ecfi,83
eehj,83
ehai,83
eigb,83
fcec,83
fdcc,83
fdid,83
feje,83
fhab,83
fjah,83
gaef,83
gcic,83
geib,83
geif,83
gfed,83
gfei,83
ghca,83
ghha,83
ghhg,83
giic,83
gjdb,83
gjdi,83
haed,83
hagh,83
hbfb,83
cejd,9
cfcd,9
cffh,9
cfha,9
chcj,9
chhi,9
dage,9
daja,9
dcde,9
dece,9
hbhd,83
hcac,83
hcfj,83
hdeg,83
heae,83
hegd,83
hfhd,83
hgbb,83
hged,83
hiae,83
hjdh,83
hjhf,83
iagg,83
ibfd,83
icbd,83
icfc,83
iedh,83
ighi,83
ihce,83
ihhc,83
iibh,83
ijhc,83
jbfa,83
jdgg,83
jefc,83
jefe,83
jehi,83
jeij,83
jhjf,83
jijj,83
jjdf,83
jjec,83
jjhg,83
aaef,84
aaga,84
aajb,84
abff,84
abib,84
accf,84
achb,84
aeca,84
aeeh,84
afda,84
aiae,84
ajhi,84
ajjj,84
bbbf,84
bbca,84
bcde,84
bebc,84
behb,84
bfjc,84
bfjj,84
bhfh,84
bjch,84
ceja,84
cfea,84
cfgi,84
cfii,84
chad,84
chcc,84
chji,84
cidb,84
cief,84
cjgg,84
cjjf,84
dbjh,84
dccf,84
dddf,84
djcc,84
djdc,84
djhf,84
eaeg,84
ebhe,84
ecea,84
edfb,84
efbb,84
eide,84
eigc,84
ejda,84
ejdf,84
faaj,84
fabb,84
fajg,84
fbbf,84
fddb,84
ffee,84
fgbe,84
fjih,84
gcji,84
gejh,84
gfdj,84
gfja,84
ghhi,84
giab,84
hbdf,84
hcfg,84
hdif,84
hefa,84
heic,84
dgea,9
dhib,9
diea,9
difd,9
djaf,9
eahg,9
ebbi,9
eebe,9
efci,9
egcj,9
hfif,84
hgje,84
hijf,84
hjbg,84
iage,84
ibhj,84
ichi,84
iecd,84
ifhi,84
igfc,84
jacg,84
jafe,84
jage,84
jbgb,84
jdgf,84
jdje,84
jfai,84
jgdf,84
jgig,84
jigi,84
jiid,84
jjfi,84
jjgc,84
aach,85
aafa,85
abac,85
afad,85
afjd,85
ageg,85
agje,85
aige,85
baab,85
babi,85
bafc,85
bbea,85
bcdg,85
bcjc,85
bcjd,85
bhbi,85
bhgh,85
caei,85
cbaf,85
cbfj,85
ccdg,85
cfgc,85
dbhf,85
dcdc,85
dcdh,85
dcee,85
ddjf,85
dgda,85
didb,85
djah,85
djif,85
eaca,85
eadj,85
ebcc,85
ebhi,85
ecac,85
ecgd,85
ecig,85
eddc,85
eebb,85
eegb,85
efgi,85
egdj,85
eiee,85
fcdi,85
fchb,85
fcic,85
fdaf,85
fded,85
fdge,85
fegc,85
ffge,85
fhai,85
fhde,85
fhfc,85
fidi,85
gbeb,85
gbge,85
gcih,85
geda,85
gehi,85
ggbd,85
ghcj,85
haee,85
hccg,85
hdaa,85
heij,85
hibe,85
hida,85
hjaa,85
ifjb,85
igbd,85
iiai,85
iicf,85
ijfh,85
jabg,85
jbfc,85
egfe,9
egga,9
eghg,9
ehfe,9
ejcg,9
fbac,9
fbbj,9
fbec,9
fbig,9
fbii,9
jcfc,85
jcff,85
jdhi,85
jfic,85
jhic,85
jicf,85
jjjj,85
aacj,86
abfc,86
abjd,86
adhd,86
aegh,86
afjc,86
agdd,86
agid,86
agja,86
ahah,86
ahgh,86
ahjg,86
ajdf,86
ajej,86
ajib,86
bbfi,86
bbha,86
bbjd,86
bchc,86
bdbe,86
bfch,86
bgfh,86
biae,86
bidc,86
bjge,86
cagh,86
caja,86
cbah,86
cbba,86
cche,86
cdeg,86
cidd,86
cieb,86
cjif,86
dada,86
dccg,86
dcib,86
ddga,86
dggi,86
dhcj,86
dhfg,86
djga,86
djih,86
eaci,86
eadg,86
eage,86
eagi,86
ebdc,86
edee,86
eejd,86
efib,86
egjg,86
eidc,86
eifb,86
ejgh,86
fbbb,86
fddd,86
fffb,86
fgbd,86
fgdc,86
fhcd,86
figi,86
fiha,86
gbhf,86
gcaa,86
gdhj,86
gfac,86
ghbc,86
ghgf,86
gjid,86
haif,86
hbhc,86
hcaf,86
hcgf,86
hedb,86
hfbf,86
hgih,86
hhfi,86
hicj,86
hifd,86
hife,86
hjhe,86
iacj,86
ibag,86
ibbb,86
ibcb,86
ibcc,86
idbj,86
ieaf,86
iebe,86
iedi,86
igbj,86
iggi,86
fdhc,9
ffej,9
ffga,9
fgee,9
fgjg,9
fhib,9
fhid,9
gaad,9
gaae,9
gaei,9
ijij,86
jach,86
jaii,86
jche,86
jdai,86
jddf,86
jdee,86
jdgh,86
jdjg,86
jeaf,86
jebf,86
aafg,87
aaib,87
abad,87
acdb,87
affa,87
ahbh,87
aiag,87
becf,87
begd,87
bgji,87
bjcf,87
bjci,87
bjdb,87
ccii,87
cdcj,87
cefb,87
cffj,87
cfij,87
cgae,87
cgga,87
cijh,87
cjfj,87
cjhb,87
daaf,87
dbhe,87
dcaj,87
dcji,87
dfjb,87
dgag,87
dgcb,87
dhac,87
diac,87
djdf,87
djej,87
djhc,87
ebhc,87
edfd,87
efaf,87
egbh,87
egci,87
ehjh,87
eifa,87
eigh,87
fahj,87
fbcc,87
fcab,87
fcba,87
fchi,87
fdbf,87
fhhg,87
fifh,87
fjda,87
gaab,87
gbhj,87
gbjb,87
gcgg,87
gebh,87
giag,87
hahf,87
hbcj,87
hbfg,87
hbgh,87
hbib,87
hdii,87
hhdd,87
hjbi,87
hjfc,87
iacb,87
iaej,87
ibbj,87
icbh,87
icgc,87
idah,87
idcc,87
ieae,87
iedd,87
ieib,87
igjg,87
ijja,87
jaaf,87
jaeh,87
jafj,87
jccg,87
jcgg,87
jdjb,87
jfde,87
jhdi,87
jhfb,87
jica,87
gcjg,9
gdhb,9
gfcd,9
gidh,9
gjfa,9
hcfb,9
hebc,9
hfca,9
hfcb,9
hfch,9
jjie,87
abcb,88
abig,88
acja,88
aejg,88
agbf,88
agcd,88
aggf,88
ahba,88
ahff,88
ahji,88
aihb,88
bade,88
badj,88
bbbj,88
bbdb,88
bchf,88
bdhi,88
beab,88
bfdd,88
bhga,88
bihg,88
caff,88
ccgg,88
ccje,88
cdae,88
cdid,88
ceea,88
cfbh,88
cfca,88
chja,88
cide,88
cije,88
cjfg,88
daef,88
dbea,88
dbga,88
dbgc,88
dcfd,88
dddi,88
ddef,88
debe,88
djgc,88
eada,88
ebeg,88
edfe,88
eeba,88
egcg,88
ehjg,88
ejij,88
fafh,88
faji,88
fdhi,88
fejb,88
ffcf,88
ffjf,88
fgje,88
fhbb,88
fhdg,88
figg,88
fjdc,88
gcdj,88
gcgd,88
gchh,88
gcib,88
gdgg,88
geeg,88
gegg,88
ggee,88
ggeg,88
ghei,88
giac,88
gici,88
hacg,88
hdbc,88
heej,88
hfdi,88
hgab,88
hgja,88
hifb,88
higg,88
hihj,88
hjdg,88
ibfh,88
ibjc,88
icac,88
icgf,88
ifae,88
ifbj,88
ifdi,88
igbg,88
igch,88
igje,88
iiba,88
iibc,88
ijjb,88
jadc,88
jcab,88
jdab,88
jegd,88
hhec,9
higi,9
hjeb,9
hjjg,9
iaca,9
icja,9
idbe,9
iebc,9
iefh,9
ieif,9
jfdg,88
jgai,88
jgfj,88
jifh,88
jiig,88
aagb,89
abgg,89
abhd,89
adfg,89
agfh,89
ahde,89
ahef,89
bach,89
baid,89
bfag,89
bffj,89
bfgh,89
bgai,89
bgih,89
bgja,89
bicj,89
biig,89
bijc,89
cafb,89
cdeb,89
cdhc,89
cfcb,89
cggf,89
cggj,89
chce,89
chjj,89
cibd,89
cidj,89
daaa,89
dbbh,89
dbdj,89
dcja,89
deec,89
dfjh,89
dgga,89
dhij,89
djfj,89
eafd,89
eajb,89
eccd,89
edbh,89
edeg,89
edja,89
efdh,89
egjd,89
eiic,89
ejfh,89
ejhh,89
faah,89
fafg,89
fage,89
faja,89
fbda,89
fcfe,89
fgja,89
fibc,89
fide,89
fieg,89
fjch,89
gadd,89
gbfa,89
gehc,89
ghdd,89
gifg,89
gihb,89
gihc,89
hadg,89
hahj,89
hccb,89
heda,89
hedc,89
hedd,89
hehb,89
hfdh,89
hfgd,89
hfjg,89
hgef,89
ibdc,89
icca,89
icdi,89
icjh,89
ifaj,89
igjb,89
iiee,89
jbbg,89
jbdd,89
jdhg,89
jebd,89
jfbc,89
jffj,89
jfgi,89
jfhc,89
jgba,89
jhdj,89
jhed,89
ifdf,9
jcge,9
jdad,9
jdfj,9
jfgf,9
jgfd,9
jjce,9
jjdj,9
jjha,9
aabg,10
jibj,89
jidh,89
jihj,89
jjei,89
adgd,90
aecb,90
aedh,90
aefa,90
agae,90
aiii,90
ajac,90
ajeh,90
ajhg,90
bbjj,90
bcai,90
bddc,90
bdjh,90
bebf,90
becb,90
bfdg,90
bged,90
bihb,90
bjcc,90
bjec,90
bjfi,90
caag,90
cbaa,90
cbce,90
cbde,90
cbhj,90
ccda,90
ccig,90
cebg,90
cfai,90
cgee,90
cghe,90
cica,90
cigb,90
cihe,90
dagb,90
daib,90
daii,90
dbhc,90
dcab,90
dccb,90
debf,90
dfcf,90
dggc,90
dhca,90
dije,90
djbj,90
djgb,90
ebii,90
ecbi,90
ecdh,90
eddi,90
eeia,90
egje,90
eieh,90
eiib,90
ejid,90
fbab,90
fbad,90
feah,90
ffdh,90
fghi,90
fhci,90
fhgi,90
fjbb,90
fjgi,90
gadf,90
gage,90
gceg,90
gdej,90
gdfg,90
gdhc,90
geig,90
gfjd,90
ghij,90
giee,90
gigh,90
gjeh,90
haid,90
hbid,90
hceh,90
hcig,90
hdab,90
heie,90
hgag,90
iacc,90
icih,90
idjg,90
ifhe,90
ihea,90
ijbg,90
jadh,90
jbah,90
jbdg,90
jdei,90
jebh,90
jaef,1
jbbe,1
jfbf,1
jhji,1
jief,1
aadg,2
aaif,2
adbc,2
afdj,2
aghj,2
aacg,10
aaie,10
aajf,10
abcf,10
acjh,10
adjj,10
aede,10
aehd,10
agdf,10
ahag,10
jehe,90
jfjc,90
jgae,90
jijf,90
aahf,91
abjf,91
acib,91
aeff,91
afbj,91
afje,91
agbi,91
ahge,91
ahhd,91
ajed,91
bacc,91
bajc,91
bajj,91
bbci,91
bbdd,91
bcii,91
bdai,91
bdba,91
bdfc,91
bfea,91
bigh,91
bjae,91
bjdi,91
cbff,91
cbjg,91
ccaa,91
cehi,91
cfhf,91
chif,91
cigj,91
dabh,91
dadf,91
dbdd,91
dbgh,91
dhjj,91
digi,91
eabc,91
eabj,91
eaeh,91
ebgg,91
ebig,91
ecaa,91
ecdj,91
efbj,91
egcb,91
ejah,91
faae,91
fahf,91
fbfg,91
fdfb,91
fefh,91
ffdc,91
ffei,91
ffhj,91
ffja,91
fghc,91
fgjb,91
fjib,91
gajb,91
gcii,91
gdef,91
gfci,91
gfhh,91
gggb,91
ghdi,91
gibc,91
gjfe,91
hdee,91
hdei,91
hejb,91
hhjd,91
hicg,91
hjfa,91
hjgi,91
iabc,91
iadf,91
iagj,91
iaje,91
ibdg,91
icei,91
ideg,91
ifaf,91
igff,91
iiaa,91
iida,91
iigb,91
jbcb,91
jcbg,91
jhii,91
jiah,91
jjhd,91
jjid,91
abaf,92
aegf,92
afbe,92
afjh,92
ahce,10
ahch,10
ahif,10
aibf,10
aicj,10
bcjb,10
bdae,10
bdjd,10
behe,10
bfcf,10
ahfa,92
aiia,92
bbbg,92
bccb,92
begb,92
bejh,92
bfcd,92
bgaa,92
bgig,92
bheb,92
bhha,92
bhhc,92
biga,92
caef,92
cage,92
caji,92
cbfi,92
cccj,92
ccgi,92
cchd,92
ceff,92
cehj,92
cgbc,92
cgid,92
chgd,92
cicb,92
ciea,92
dacc,92
deag,92
dibg,92
dibi,92
dihc,92
djbh,92
ebdf,92
ebee,92
ecdc,92
eiaa,92
eidb,92
ejdg,92
ejej,92
faeb,92
fbgc,92
fcfd,92
fdaa,92
fdea,92
fdeh,92
fffg,92
fhdb,92
fhih,92
fiag,92
fjdh,92
fjfj,92
gabi,92
gajf,92
gbgb,92
gbja,92
gfff,92
ghic,92
gieh,92
giff,92
gjda,92
hajb,92
hcai,92
hcef,92
hcid,92
hdag,92
hdce,92
hgbd,92
hhae,92
ibaj,92
ibeb,92
idjj,92
igda,92
ihai,92
ihbg,92
ihbi,92
ihda,92
ihge,92
iihj,92
iijb,92
ijde,92
ijdi,92
jbcg,92
jbhe,92
jbjg,92
jcch,92
jdce,92
jggb,92
jhea,92
jhgf,92
jjgd,92
jjih,92
abfe,93
acee,93
achf,93
adae,93
aeaf,93
aefj,93
aggh,93
ahia,93
bfhd,10
bgaj,10
bhfg,10
bicd,10
cbie,10
cecb,10
cgaf,10
cgei,10
cghj,10
cjch,10
aihi,93
ajaf,93
bbfg,93
bcei,93
bcia,93
begf,93
bfac,93
bhaj,93
bjeg,93
cbgc,93
cbgi,93
ccbb,93
cccg,93
cdcg,93
cdde,93
cdef,93
cdjh,93
cfgb,93
cfgd,93
ciai,93
cihb,93
cjai,93
dabc,93
dcgh,93
ddag,93
ddgi,93
deae,93
dfii,93
dgbi,93
dgca,93
dgji,93
dhcc,93
dhia,93
dicg,93
difi,93
ebic,93
ecda,93
edeh,93
efbd,93
efca,93
egeb,93
eheb,93
eidd,93
eifg,93
eifj,93
ejac,93
faaa,93
faig,93
fbcb,93
fbci,93
fbgg,93
fbie,93
fdcb,93
fdfe,93
febg,93
ffec,93
fhag,93
fhfg,93
fjad,93
fjag,93
fjci,93
fjhg,93
gaga,93
gbde,93
gcca,93
geec,93
ghac,93
gife,93
gjgj,93
gjif,93
haha,93
hbfh,93
hchj,93
hcib,93
hejj,93
hgfa,93
hhca,93
hheg,93
hjbe,93
iaec,93
ibbg,93
ibfe,93
iddb,93
ifbf,93
igdj,93
ihaf,93
ijgj,93
jcdj,93
jdbh,93
jecb,93
jeee,93
jehj,93
jjef,93
aaha,94
abha,94
abhe,94
acgb,94
adbg,94
adde,94
aebh,94
cjga,10
cjhh,10
dbjd,10
dcga,10
dcgc,10
ddhb,10
dedg,10
deeb,10
dfda,10
dfee,10
aejf,94
afef,94
afeg,94
aihd,94
aiif,94
ajbc,94
baeh,94
bcge,94
bdhj,94
bedi,94
bfde,94
bhbg,94
bibc,94
bjbg,94
cbab,94
cbej,94
ccji,94
chic,94
ciii,94
cjec,94
dbde,94
ddbd,94
deaa,94
deji,94
dfbc,94
dfgi,94
dfic,94
dghb,94
djdj,94
djgf,94
eaia,94
ecga,94
efah,94
ehii,94
eibe,94
eicc,94
ejba,94
ejih,94
fbhb,94
fcej,94
fchg,94
fcie,94
fcja,94
fdae,94
fdei,94
fece,94
ffif,94
fgff,94
fica,94
gabb,94
gacc,94
gbdd,94
gebc,94
gedj,94
gejf,94
ghgj,94
gjed,94
gjhg,94
haga,94
hage,94
hahb,94
haih,94
hefe,94
hgee,94
hgfc,94
hhcj,94
hhid,94
hidi,94
hjcd,94
iaed,94
ibba,94
ibjd,94
igde,94
ihbd,94
iieh,94
iifg,94
iiic,94
ijea,94
jabh,94
jade,94
jcfa,94
jcie,94
jeid,94
jfjb,94
jggg,94
jhch,94
jhee,94
jhib,94
jigg,94
adgc,95
affb,95
afic,95
afjb,95
agci,95
ahcf,95
ahea,95
aijg,95
ajjd,95
beaa,95
bghd,95
dgbe,10
dged,10
dhfc,10
dici,10
djfi,10
ebjd,10
ebjg,10
echf,10
ecic,10
edcg,10
bhdd,95
caej,95
cbhd,95
cdja,95
cdjg,95
cfhc,95
chej,95
ciba,95
cjbb,95
cjhj,95
daab,95
dbfg,95
dcdj,95
ddaf,95
ddej,95
ddfg,95
ddjd,95
dfja,95
dgja,95
dhgi,95
diae,95
eaaj,95
ebhg,95
ecaj,95
ecfd,95
edhb,95
eebh,95
efcj,95
efja,95
eghi,95
ehce,95
ehdg,95
ehja,95
ejge,95
ejhc,95
ejhf,95
fcch,95
fcdh,95
fdab,95
fdie,95
feeb,95
fegd,95
ffih,95
fgfe,95
fjac,95
fjcd,95
fjfd,95
gbdj,95
gdbc,95
gefh,95
ggbc,95
ggdh,95
gjad,95
gjbh,95
habe,95
hbgg,95
hbhj,95
hbjg,95
hcje,95
hdbe,95
hfaf,95
hggb,95
iabb,95
iaig,95
iddg,95
idhd,95
ifjf,95
ihbh,95
iide,95
iied,95
jbea,95
jbjd,95
jcef,95
jcei,95
jfge,95
jgdc,95
aaih,96
abaa,96
abed,96
aegj,96
aeid,96
afjf,96
aheh,96
ahgg,96
bafg,96
bbhd,96
bdjb,96
begc,96
bgag,96
bhgi,96
bjed,96
bjgh,96
caad,96
cceg,96
ccfe,96
ccgc,96
cdfe,96
cfef,96
cfie,96
cghh,96
eeai,10
efaj,10
egah,10
egaj,10
egcc,10
eheh,10
ehgf,10
ejbi,10
fcei,10
feae,10
cjhd,96
dagi,96
daig,96
dbcc,96
dbfd,96
dccj,96
dcfc,96
dcfi,96
dchi,96
ddgb,96
deia,96
dfeb,96
dfij,96
dghj,96
dhjg,96
digd,96
djhi,96
eacd,96
eafb,96
ebab,96
ebde,96
ebfb,96
ebff,96
ebgj,96
eebf,96
efdb,96
efhc,96
egdc,96
egdf,96
egih,96
eicb,96
eicg,96
eied,96
eifc,96
ejaa,96
feha,96
fgec,96
fhga,96
fhha,96
fifg,96
gaia,96
gcgi,96
gdcb,96
gdfa,96
gedb,96
gejc,96
geje,96
gfde,96
gffa,96
gffb,96
gggh,96
ggid,96
ghda,96
ghea,96
giih,96
gjjc,96
hfei,96
hfge,96
hgdh,96
hifi,96
hihg,96
hjdc,96
ibcg,96
ifea,96
iffh,96
igfa,96
ihcj,96
ihif,96
iigc,96
iijc,96
ijfd,96
jaih,96
jbga,96
jccc,96
jcha,96
jcje,96
jeah,96
jehb,96
jgda,96
abic,97
acfj,97
adbb,97
adeh,97
aeba,97
aebd,97
aejd,97
afbb,97
afeh,97
agai,97
agji,97
ahfi,97
aifh,97
aigg,97
ajcd,97
ajeg,97
baej,97
baje,97
bbcf,97
bbfh,97
bdfe,97
feie,10
ffhh,10
fgea,10
fhfe,10
ficd,10
fjgh,10
gaff,10
gcbb,10
gcje,10
gdhe,10
bgef,97
bgfa,97
bgia,97
bhbf,97
bhid,97
bhif,97
biab,97
bibg,97
cacc,97
cbbf,97
cbcj,97
ccdj,97
cecd,97
cfce,97
cfee,97
cgcd,97
chbh,97
chfe,97
chii,97
cjjj,97
dbaa,97
dbig,97
dchf,97
dddj,97
ddfj,97
dfhg,97
dgbb,97
ebaa,97
ebbj,97
edad,97
edfi,97
edgi,97
edhf,97
eede,97
efbg,97
efif,97
egbi,97
ehbf,97
ehea,97
faab,97
faff,97
faid,97
fbdd,97
fbdi,97
fdca,97
fdgf,97
fdhf,97
ffbb,97
ffgf,97
fhif,97
gaca,97
gadh,97
gaej,97
gaij,97
gbdb,97
gcec,97
geaj,97
geei,97
gfaj,97
gggc,97
ghfe,97
gibe,97
gije,97
gjfi,97
gjhi,97
gjie,97
hafd,97
hche,97
hcjf,97
heii,97
hfbc,97
hgid,97
hgjb,97
hgjj,97
hiaf,97
hica,97
ibbf,97
ibjg,97
icji,97
idia,97
ieec,97
ihdf,97
iijj,97
ijfj,97
jaah,97
jagg,97
jagh,97
jbcj,97
jcai,97
jdci,97
jdfd,97
jefd,97
jfbg,97
jgaf,97
jgfi,97
jiaa,97
jice,97
jifb,97
jjbh,97
abcc,98
gdie,10
gefi,10
gfbj,10
gfic,10
ggaf,10
ggah,10
ggcf,10
gghf,10
gigj,10
gjdc,10
acea,98
aeai,98
aehi,98
afid,98
aged,98
agff,98
agij,98
aibe,98
aidd,98
ajcg,98
babg,98
bagf,98
bbaa,98
bbge,98
bbhi,98
befh,98
bfbe,98
bfdi,98
bfib,98
bifa,98
bije,98
bjbf,98
cbdi,98
ccfa,98
ccjd,98
cegi,98
cfjg,98
cgad,98
cgfj,98
cied,98
daeg,98
dcjd,98
ddcc,98
deeh,98
degf,98
dfbi,98
dgdd,98
dgig,98
diba,98
dibc,98
djee,98
eabe,98
eaih,98
ebcg,98
ecbh,98
ecgg,98
ecgi,98
eecg,98
eeih,98
eeje,98
efdi,98
efgb,98
egda,98
eggf,98
ehcd,98
ehhc,98
eibj,98
eica,98
ejfb,98
fcbg,98
fchh,98
fdjb,98
ffje,98
fidc,98
fihb,98
fjca,98
fjfc,98
fjfe,98
gaif,98
gbag,98
gcci,98
gdgj,98
gede,98
gfba,98
gfec,98
gfia,98
ghjf,98
gidj,98
gjbe,98
gjfc,98
gjhc,98
haji,98
hcfh,98
hchh,98
hdcf,98
hdcj,98
hdhh,98
hfhf,98
hhja,98
hibh,98
hjci,98
hjhi,98
iaie,98
ibdi,98
ibfi,98
ibhc,98
idei,98
ifib,98
ighc,98
jaig,98
hbch,10
hcad,10
hchb,10
hdec,10
hdfi,10
hege,10
hffc,10
hffi,10
hfic,10
hhaa,10
jfeg,98
jgea,98
jhbc,98
jiae,98
jieb,98
jihi,98
aabi,99
aafh,99
abdh,99
abej,99
adca,99
adeg,99
aecd,99
ahdh,99
ajfh,99
bcbf,99
bcci,99
bchb,99
bdhe,99
beee,99
bfef,99
bgah,99
bgcb,99
bhah,99
bhja,99
bhjc,99
cbcd,99
cdig,99
cfdb,99
cgja,99
chbg,99
chei,99
dajd,99
dbcj,99
dcaa,99
dcff,99
ddbi,99
ddig,99
dgch,99
dgfa,99
dgic,99
dhga,99
dicf,99
dihj,99
djaj,99
djeg,99
ebgd,99
edea,99
eeeb,99
eeec,99
efbi,99
efea,99
efhe,99
ehad,99
ehhb,99
eicd,99
ejde,99
ejhg,99
fcea,99
fdgb,99
fdhh,99
ffgd,99
ffgg,99
fgha,99
fjhj,99
gbgd,99
gbha,99
gche,99
gdgf,99
gdih,99
gdij,99
gebg,99
gege,99
gfeb,99
gheg,99
ghge,99
gjdd,99
haii,99
haje,99
hcff,99
hfje,99
hhij,99
hicd,99
hiea,99
hiia,99
iada,99
iajg,99
idbc,99
idjc,99
ifii,99
igah,99
ihag,99
ihij,99
ijia,99
jaaa,99
jagj,99
jbdi,99
jdae,99
jdch,99
jdeb,99
hhjj,10
higd,10
ibgg,10
idde,10
iebi,10
iedf,10
iedj,10
iehc,10
iejb,10
ihjg,10
jfcd,99
jhbf,99
jibg,99
aadi,100
aaee,100
aaii,100
acgg,100
adac,100
adge,100
aehb,100
agga,100
aiff,100
aijd,100
ajja,100
ajje,100
baef,100
bdcf,100
bded,100
beai,100
bedh,100
bgfj,100
bhjh,100
bibi,100
bich,100
biec,100
bigc,100
bijh,100
bjji,100
caae,100
cajb,100
ccad,100
ccic,100
cdjb,100
cdjf,100
cebh,100
cich,100
ciff,100
cigg,100
cija,100
dadi,100
dceh,100
ddbg,100
ddib,100
dfbf,100
dffe,100
dggd,100
dhgc,100
dhgd,100
dibh,100
eehc,100
eghc,100
eieg,100
eijc,100
ejee,100
fbhc,100
fchd,100
fdbi,100
feaf,100
fhee,100
fihf,100
fiic,100
fjec,100
fjhh,100
gahh,100
gcac,100
gcdf,100
gcfg,100
gdbg,100
gdec,100
gegf,100
geia,100
geih,100
gejb,100
ghja,100
ghjc,100
hbbc,100
hcdg,100
heef,100
heih,100
hfec,100
hgif,100
hjjj,100
iach,100
iajb,100
ibbc,100
iccb,100
idfh,100
ijji,100
jagc,100
jaia,100
jbfd,100
jcia,100
jeje,100
jfef,100
jiij,100
jijg,100
jjaf,100
jjcb,100
jjgh,100
jjhb,100
