bbcc,0
bafd,2
fdcf,2
eiag,3
iiig,5
aadh,6
cife,6
fjjf,6
abdg,7
cajg,7
hebc,8
ifdf,8
fjgh,9
gfbf,10
hbhg,11
ajbj,12
eedj,13
jjif,13
hdff,14
agah,15
efja,94
egih,95
iigc,95
jbcj,96
hchh,97
gbha,98
jiij,99
ched,101
gidb,101
iccc,101
fbee,1048
gicc,1053
jjcj,1055
dgdj,1056
ggch,1058
ifca,1059
abbe,1060
iefj,1060
ibee,1061
dife,1062
bchg,1068
cbjh,1068
fcfc,1069
jbbd,1074
ijdb,1075
cjdi,1076
hbic,1076
fbhi,1077
hbgb,1078
dicc,1079
higb,1080
hbhd,1082
bbbf,1083
igfc,1083
dgcb,1086
ieib,1086
ejij,1087
fejb,1087
gdgg,1087
hifb,1087
higg,1087
debf,1089
hjgi,1090
ejhc,1094
habe,1094
gibe,1096
ecbh,1097
ffje,1097
jeje,1099
bdff,1101
ccja,1101
fegb,1101
fgia,1103
cjhe,1104
bajf,1105
ffcc,1105
iidc,1106
bcgg,1107
gigj,1109
fjdj,1110
dcjc,1111
hcjb,1114
acab,1116
ighe,1116
ihig,1117
gbhd,1118
eihe,1119
fjha,1119
egbd,1121
fbgd,1121
addi,1122
iaif,1122
hcbi,1123
eeca,1125
caid,1126
faic,1126
daih,1128
fiid,1129
jdhj,1129
eadc,1132
ghfa,1133
icfh,1133
bdhd,1134
igge,1134
hihc,1135
bbfb,1137
giib,1137
fbhh,1139
gcgf,1139
jhgd,1140
hgaf,1141
bcch,1142
cicj,1143
dgaj,1143
icce,1144
eeac,1145
bidi,1147
dcih,1147
jhhi,1148
jjae,1150
eeei,1152
badg,1154
jhei,1154
jdah,1155
jded,1158
fhff,1159
ieci,1159
gaha,1161
jcfh,1161
cjgc,1162
aidc,102
fhjj,103
hijc,103
ehaj,104
hcdi,106
hhdi,106
daja,108
idbe,108
aabg,109
efaj,109
hbbg,1162
ibje,1163
jajj,1163
jdaf,1164
abbc,1166
iiec,1166
ficc,1167
gjbj,1167
iaee,1168
cghb,1171
djbe,1171
fahi,1171
bdgg,1172
bjai,1172
jcad,1173
dcef,1174
cabj,1175
cdhi,1175
fifj,1175
cjdb,1176
fahc,1176
hcfi,1177
aiea,1179
ciaa,1179
gief,1179
icaa,1179
igfg,1179
cjgg,1183
fcdi,1184
bdbe,1185
cagh,1185
ahbh,1186
dcaj,1186
iedd,1186
bchf,1187
beab,1187
aiii,1189
bjfi,1189
gjeh,1189
acib,1190
ebgg,1190
ecdc,1191
ijde,1191
cbgc,1192
ahgg,1195
cjhd,1195
jcha,1195
dchf,1196
hica,1196
bdhe,1198
ghjc,1199
hcga,1200
ibci,1200
acfa,1202
ibgf,1202
iaef,1203
aihf,1206
hjde,1206
hcfb,1208
jcbd,1209
acdd,1210
hhfa,1211
jjdi,1211
fedg,1214
addh,1215
decc,1215
egad,1215
fjba,1215
aecf,1216
hbeh,1217
ifig,1217
acac,1218
gbfg,1220
jgaj,1220
bbje,1221
djge,1221
feii,1221
hefj,1221
ccfb,1225
cdai,1228
cdif,1229
ehde,1229
bbdj,1230
icgh,1233
jbai,1233
jddj,1235
dfig,1236
aafe,1237
ggeh,1239
aaac,1240
fhad,1241
ibac,1241
adib,1242
dfec,1243
jcdg,1243
ddad,1244
hhhc,1244
fdgc,1245
cifi,1250
fdde,1251
iibb,109
bgcf,110
ajdh,111
djjc,111
jdic,111
eeic,112
ejje,113
ghee,113
cidc,117
cdbh,118
hhgb,1251
efdf,1252
fifi,1252
jhbh,1252
bcjg,1253
gcgj,1254
geja,1254
jafa,1254
ehfi,1255
aebe,1258
habj,1260
jgeg,1260
idfi,1261
bjhc,1262
jced,1262
jjej,1263
eaad,1264
gdce,1264
iccf,1264
jfec,1264
abhf,1265
cdbg,1266
decg,1266
fhbe,1266
gcgh,1266
ijhj,1266
icfi,1267
eiff,1268
fafj,1268
gjdf,1269
ifgb,1270
bhie,1272
dgbg,1272
jdeh,1274
cjbg,1275
diii,1275
dbaj,1276
giga,1277
jhfc,1277
cieg,1278
dgde,1278
fjdd,1280
aibi,1281
ecfi,1282
jgig,1283
aige,1284
jabg,1284
jcff,1284
dbga,1287
icdi,1288
hdab,1289
eabc,1290
cbfi,1291
dfii,1292
adbg,1293
fcej,1293
edhb,1294
cghh,1295
dbfd,1295
eibj,1297
gidj,1297
jgea,1297
jjhb,1299
icea,1300
iadh,1301
hbeg,1302
fhgb,1304
icfe,1305
effg,1306
bfje,1307
hbce,1307
jfii,1307
dece,1308
gfic,1309
hhcc,1310
iice,1310
bbja,1311
dgia,1312
dcjg,1314
hhhi,1314
fcda,1315
hicc,1316
dhce,1317
dhdi,1318
hbji,1318
dfci,1319
ddfb,1322
abbi,1323
beej,1325
deda,1326
ebfj,1327
dgfj,1328
eead,1328
ffeh,1328
bace,1329
gbah,1329
icfg,1329
hhed,1330
dgii,1332
ffdb,1332
bafe,119
jhgg,120
dhde,125
iddf,125
eade,127
fiif,128
ijac,128
hgcf,129
bgjb,132
idif,132
gjdj,1332
jgfg,1332
djjf,1333
bbdc,1334
cega,1336
ceji,1336
gddj,1337
hjbb,1337
daia,1338
hdgd,1338
hchd,1339
abja,1340
cbje,1342
ggcc,1342
jjda,1342
fffa,1346
iefa,1346
jdbf,1347
cigi,1348
cbch,1349
hhbb,1349
iahd,1349
jddg,1349
dajg,1350
fbij,1352
aheb,1353
chff,1357
jagb,1357
idce,1358
fdif,1360
gfag,1360
ihbf,1361
ddji,1365
ejff,1365
ahdi,1366
bhdb,1367
aeaa,1368
hbde,1370
bdcj,1371
iihg,1374
cjjb,1376
gbfj,1376
jhif,1377
bjah,1378
ehgc,1380
fgjj,1380
fibh,1380
fhai,1384
fage,1388
gihb,1388
jgae,1389
dadf,1390
hgbd,1391
bcia,1392
iieh,1393
jade,1393
agci,1394
gffb,1395
ajja,1399
hcdg,1399
bdee,1401
degj,1401
abid,1403
ejbg,1405
jdia,1406
bafb,1408
ieif,1408
acca,1410
acig,1410
hcjh,1410
jffc,1410
acbd,1411
ghhb,1411
aiie,1412
fhba,1412
giaa,1413
ibge,1414
dfgh,1415
gbed,1415
beid,1416
bhhi,1416
idjf,1416
ebbb,1417
efjf,1418
febf,1419
cihh,1420
eecc,1424
iede,1424
ecgj,1425
iigi,1425
bfjh,1426
gfij,1426
jihd,1426
bccg,1428
fbge,1428
faia,1430
hdie,1431
higj,1432
bjfd,1433
deeg,1434
ejcc,135
edah,136
jhce,136
jhga,136
fbbd,137
hjce,137
adfa,139
bfca,141
icjc,141
ibgd,142
eeie,1435
bfab,1436
ehah,1436
dagc,1437
fcjb,1439
hcea,1439
hebf,1439
biji,1442
djib,1444
fgda,1444
ihjh,1444
edcb,1448
feai,1449
hibg,1449
iebg,1449
ihhe,1449
bigg,1450
ehga,1450
fdjh,1450
acia,1451
biei,1451
gabg,1453
hcic,1453
idhf,1455
hgaj,1456
edag,1457
adec,1458
efjb,1459
fege,1465
ieee,1465
dief,1466
fdfd,1468
jdih,1473
fgaa,1474
jabf,1475
jebe,1476
ehfa,1477
iece,1479
jjeb,1480
cdgg,1481
icbe,1481
ddai,1482
eehj,1482
hiae,1482
jijj,1482
aiae,1483
fbbf,1483
ghbc,1485
jdjg,1485
cide,1487
icei,1490
ihbg,1491
jjih,1491
fhfg,1492
jcef,1494
ebgj,1495
bfib,1497
geia,1499
ggbg,1500
chbc,1501
dfhe,1502
hhjc,1502
jeca,1502
bfgd,1503
hihf,1504
cddh,1505
bcjb,1509
ebjg,1509
afbi,1510
jdfh,1510
bjih,1517
ebij,1518
ggbe,1518
cbcc,1519
abeg,1523
adce,1524
jbdc,1524
iege,1525
cgjf,1526
dehb,1526
gfda,1526
adji,1532
dhig,1532
efic,1533
deib,1534
eadi,1534
iacf,1534
cahf,1535
edaj,1536
jjgj,1536
bgci,1537
cjca,1537
dbeg,1538
jheg,1538
jjea,1541
agag,1542
ajgc,1543
fdbj,1543
dgbh,1545
feea,1545
cehe,143
hdch,143
jehc,145
cjdj,146
fjed,146
ieeb,148
eaef,149
daba,151
gebi,152
ghdg,153
ffjb,1547
jbfg,1548
eegi,1550
caif,1551
abje,1557
iihf,1558
hdhe,1562
dhcf,1563
cgcb,1564
dieh,1564
gach,1564
heeg,1564
agaa,1567
iaai,1568
cfbd,1569
egcd,1569
bfji,1570
djdi,1570
hada,1570
caia,1571
fagb,1571
hbfi,1571
eheg,1574
gfgj,1577
ghih,1578
fhae,1579
hahi,1579
hbbf,1580
ejeg,1581
ihfi,1581
bcjd,1584
eebb,1584
fdaf,1584
adfg,1588
dhij,1588
chic,1593
djgf,1593
gjad,1594
bbhd,1595
biab,1596
fjfe,1597
gfba,1597
gjhc,1597
eeec,1598
efbi,1598
ijji,1599
hjjd,1600
beag,1601
fdgj,1601
afci,1602
dcgg,1602
heca,1603
afcj,1608
bdfd,1611
cdcf,1612
ghbi,1614
efhh,1615
afhe,1616
egbg,1617
gacd,1617
jdhh,1617
bdgd,1621
ccci,1621
ihjc,1622
jgbf,1622
gbae,1623
ihac,1623
ichg,1624
bfhe,1626
haag,1628
bdgc,1629
cbbg,1629
gecj,1629
jedj,1629
face,1630
gced,1631
iihb,1631
afai,1633
ggfb,1633
cdia,1635
ffeg,1635
ifhd,1638
hibb,1639
hgdf,1640
iijf,1640
jhhg,1640
jagd,1641
gbij,1643
bfga,1645
aeie,1646
ejjb,1646
fffh,1646
ebej,1647
cijd,1649
gghj,1649
ihgf,1649
cbda,1650
ijge,1651
cach,1656
bdeh,1657
iibg,153
jfig,153
ejdc,154
chgb,156
gbci,156
adfd,159
jdaa,159
aech,160
agfi,163
acij,164
dgei,1658
hjji,1658
agcj,1659
dcfb,1660
jbjj,1660
afhh,1661
ibaa,1662
cifg,1663
gdge,1663
cfac,1665
fejh,1665
geac,1665
hcba,1665
ajee,1666
iagc,1666
ecjj,1667
icaf,1667
fifc,1673
jgid,1673
ijag,1675
jiia,1676
chjd,1678
igih,1678
hjih,1681
bafc,1684
giag,1686
ifbj,1687
fide,1688
hdee,1690
fffg,1691
edeh,1692
feha,1695
abcc,1697
gbag,1697
aaii,1699
jagc,1699
baae,1701
hbfc,1703
bdjg,1705
edie,1706
fijd,1707
gfge,1707
hbgj,1707
igjf,1707
gaei,1708
ahce,1709
dbjd,1709
addj,1710
jefi,1710
ibhf,1711
idfg,1711
jadb,1713
bcgj,1714
bdaf,1714
afcf,1719
decf,1719
fhje,1719
aggc,1724
ddbb,1724
ecgc,1725
hejd,1731
ijda,1731
ccdc,1732
ddfc,1732
jacj,1735
ebbe,1736
cidi,1739
gjab,1739
jhhd,1739
cgag,1740
iega,1740
idjh,1741
ffhc,1742
afgd,1743
ffff,1743
hdij,1743
ihgc,1743
abjh,1745
gaeb,1745
dadc,1748
dajf,1748
chef,1749
hfff,1749
jjbf,1750
afgc,1756
ddfh,1756
jjdd,1759
fibd,1760
ejaf,1763
ccce,1764
cgej,1764
edgh,1764
fhcc,1766
hghi,1766
baja,1767
ccgd,1767
fcbh,1767
fheb,1768
abde,1769
bghc,1770
cjjg,164
aagg,166
dbad,172
bihd,173
addd,174
gabh,174
ciif,175
hecj,175
aabd,176
ibde,177
igcc,1770
hceb,1771
fadb,1772
ihgd,1772
hcab,1773
hjge,1774
hhde,1775
gfhf,1776
gccj,1777
accd,1779
bdja,1780
fbbe,1781
dgba,1782
feje,1782
giab,1783
dcee,1784
fidi,1784
bfch,1785
jche,1785
ahji,1787
efdh,1788
gage,1789
eidb,1791
jcch,1791
bcei,1792
difi,1792
aebh,1793
fdhf,1796
fgha,1798
adic,1800
ceib,1801
ddch,1801
hfej,1801
ihjb,1802
jahj,1802
cheb,1805
eija,1805
jhha,1806
cfha,1808
hhaa,1809
ddjg,1810
eaba,1810
eefg,1810
ibfj,1810
aejc,1811
ciec,1811
ehbb,1811
fbfc,1812
ihhf,1812
bedc,1814
bgid,1815
iffc,1816
ihji,1816
igci,1818
bdbi,1819
iejf,1819
iffb,1822
jidb,1822
jhcj,1823
gdjb,1824
ijjg,1824
ebch,1828
icad,1828
hhbg,1829
ggea,1831
jhbi,1832
chhh,1833
ddaa,1833
fhaj,1833
iaeh,1834
ajfg,1835
cfdi,1835
ggjg,1835
cehb,1837
cjdh,1837
giha,1838
hiii,1839
jdgi,1840
ebbc,1842
fgjd,1842
gace,1842
gbgj,1842
gijc,1843
eici,1847
igec,1847
cdbb,1852
iaag,1852
adgi,1854
gefj,1854
idfc,1854
abef,1855
ddjj,1855
eebi,1855
gejg,1855
gffe,1855
hdef,1855
gjgg,1858
efhd,1860
gihe,1860
bcbc,1861
dcjb,178
cjgi,179
jbib,180
gcdg,181
ibfd,182
ceja,183
jjjj,184
dhfg,185
debe,187
abgg,188
gggi,1861
jghj,1861
gfbb,1862
aaja,1864
bcfh,1864
jfcg,1865
iiaf,1866
fegf,1869
ajcf,1870
dehe,1871
dejg,1872
gbhe,1872
ddcf,1873
jedi,1875
cdhg,1876
chdd,1877
fjeh,1877
hehh,1878
bfbb,1881
gcji,1883
ibbb,1885
cffj,1886
gcgg,1886
bcai,1889
ibbg,1892
jjef,1892
ghgj,1893
hhcj,1893
ddej,1894
ccfe,1895
ifea,1895
afbb,1896
bgef,1896
gaej,1896
gggc,1896
bhah,1898
efea,1898
ejhg,1898
fcea,1898
cich,1899
hgif,1899
edhj,1901
geic,1902
ejef,1904
hgjd,1904
iabf,1904
baaj,1905
bbdg,1906
bggf,1906
ecjh,1906
fbig,1908
hhga,1911
haaf,1915
bici,1917
cfdj,1917
djhd,1918
baea,1919
ggig,1919
djgi,1921
gihd,1921
aicg,1922
hggf,1922
bghh,1923
eggb,1923
hace,1923
ccbe,1924
abfi,1925
jggf,1927
abea,1929
iieb,1929
gjjh,1930
fejc,1932
ehji,1934
ejji,1934
dfch,1935
jbhf,1936
jiic,1936
jedd,1937
adci,1938
gdae,1938
hfbg,1938
idhg,1938
daej,1940
ggbi,1940
afhf,1941
bdib,1942
ghhh,1942
efgf,1943
adai,1944
bdgf,1944
jhbb,1944
bjaa,1948
fhed,1948
jcbh,1948
hafi,1949
afag,1950
hehg,1952
hafa,1953
ceed,1954
cdji,1956
hehb,188
jebh,189
abjf,190
iijb,191
fdcb,192
fgff,193
hbjg,194
gcgi,195
gjjc,195
jaih,195
bgch,1958
bjfe,1958
beji,1961
chai,1961
ejga,1961
jfeh,1961
fdfj,1962
fehj,1965
cgie,1966
hfdc,1967
acgj,1968
faih,1968
fdad,1968
hfga,1968
ieid,1968
hdhd,1969
ehdc,1970
ahih,1972
ejbe,1972
jeci,1972
jfac,1972
fiei,1974
ejgj,1976
ijed,1976
dbic,1978
ceia,1979
ciid,1980
gchg,1980
ichc,1980
cefh,1981
jehi,1982
bhfh,1983
ejda,1983
faaj,1983
fded,1984
ggbd,1984
aafg,1986
aiag,1986
cfij,1986
hedc,1988
faae,1990
dhcc,1992
jdbh,1992
hhid,1993
cjbb,1994
fjac,1994
aheh,1995
bjgh,1995
faab,1996
hfbc,1996
jdfd,1996
bagf,1997
ccfa,1997
bdgi,2001
afbd,2003
ehhh,2003
fjig,2003
hbcc,2003
aigh,2004
iaga,2005
cjeb,2006
fihg,2006
djaf,2008
cghj,2009
feae,2009
jibf,2009
bagi,2011
ijgf,2014
jdjc,2014
cfdc,2016
jdjh,2018
gjff,2019
gdig,2020
cjid,2022
jbdj,2022
dfdh,2023
edei,2024
cejg,2026
dfag,2026
eacj,2027
jfdh,2028
cibf,2029
ejci,2031
bice,2032
chge,2033
fhic,2034
fidd,2034
bacb,2035
hbcg,2037
iigj,2037
aeib,2038
dcei,2038
fceg,2038
gggg,2039
faif,2040
cfhg,2041
bfda,2042
dcch,2044
djcj,2046
ciae,2047
cjhg,15
aiig,16
eajf,18
feac,19
ahjh,20
cdfg,20
bbjc,22
cdjj,22
gcbi,22
bchh,24
gfaj,196
gdgf,198
jhaj,203
dhdd,204
fjje,205
iehd,206
iiea,206
fccd,207
jddb,207
fhfe,209
gigg,2048
fgdf,2052
dhha,2053
jgci,2055
bjde,2056
cdfd,2056
dega,2056
ihei,2057
jhfi,2058
bjeb,2059
dbjb,2059
jbff,2059
jfbh,2059
aaeh,2060
ijcg,2060
fiig,2061
gjca,2061
iecb,2061
ghff,2063
cbbj,2068
dggf,2068
ddfd,2069
bfcj,2070
bjif,2070
gggd,2072
hjjb,2072
iiad,2072
jjbb,2074
abbf,2075
ddae,2077
bidg,2079
cabg,2079
egag,2079
jgij,2079
iebj,2080
afba,2081
fjgg,2081
hdgf,2081
jgej,2081
icfc,2082
icgc,2086
bade,2087
gife,2092
jeid,2093
daab,2094
ffbb,2096
jefd,2096
jiaa,2096
ccjd,2097
dgic,2098
jbfd,2099
ajfe,2100
ghji,2101
gjjd,2102
cgch,2103
ffie,2103
ahbd,2107
eiii,2107
hefc,2107
aeee,2108
cjhh,2109
ggcf,2109
cebj,2110
fhaf,2111
iiia,2115
aiic,2118
dhja,2119
ffed,2119
hhaj,2119
iadd,2119
beic,2122
cgii,2123
hedf,2123
eedh,2124
gfgh,2127
egha,2128
hfed,2128
hhdh,2129
ibdd,2129
ibah,2131
fdfa,2134
igic,2134
dghh,2137
feid,2138
bbdf,2140
cheh,2140
befg,2141
hdfb,2143
egij,2144
bccf,2146
bhfi,2148
bhgj,2148
cjda,2148
echa,2150
ejgg,2150
gejj,2150
hjhc,2150
jied,2151
babh,2152
dcaf,2157
hiac,212
eahe,218
iajj,218
ebaf,219
efgg,221
bhic,227
efga,227
fafd,228
ceig,229
cbfd,233
bgee,2158
acdc,2160
efjd,2160
deif,2161
abga,2162
hgeg,2164
giba,2166
hfcd,2166
ebgh,2167
hfhi,2167
idig,2167
dbce,2168
gcjd,2169
bgdc,2170
caec,2170
fceb,2170
eijh,2172
fddf,2173
aadj,2174
dfeg,2174
edfj,2176
ifjc,2178
hhfe,2181
jbij,2181
ahbg,2182
iagg,2182
chad,2183
cefb,2186
cfca,2187
ghei,2187
icac,2187
egje,2189
ideg,2190
jcbg,2190
eebh,2194
efcj,2194
ebde,2195
ieec,2196
dibc,2197
ghge,2198
gded,2200
iceg,2200
jjcg,2202
bhhh,2204
iebh,2204
abai,2206
fgea,2209
hbch,2209
ecba,2212
fahg,2212
abdj,2213
gecb,2216
eccf,2217
ihhh,2217
ddff,2219
dgfh,2219
baaf,2221
dgfg,2221
dhbe,2221
bgjg,2226
bdhg,2227
cgbh,2227
abbb,2229
ffcg,2229
jede,2230
jgjd,2230
ehdb,2231
hgcc,2231
dbcg,2232
fidh,2232
ihaj,2232
ieef,2233
dcig,2236
gbdi,2236
gdif,2238
fgcj,2240
dhcg,2241
cjfc,2242
gbdh,2242
hdaj,2242
iigg,2242
ahhe,2245
gfad,2246
gbib,2247
ibie,2247
chea,2248
ebfg,2248
efef,2249
jchc,2249
hibj,2251
idja,2252
ieff,2254
ifgd,2255
hgib,2258
cjgj,2259
gbhi,2259
ahjc,2260
hgcb,2261
hjhh,2262
bfdf,2264
efad,234
ahbf,237
iiag,237
dcia,242
hfia,245
gjbf,246
bcac,248
bfcb,249
hgia,251
bfgc,254
gbda,2264
fjbd,2266
jicc,2266
bibb,2267
ebjc,2268
agbh,2269
ahdj,2269
dhfd,2270
aegb,2271
bfbf,2273
hafe,2273
jfdd,2273
beed,2274
bhda,2276
abag,2277
aihc,2278
fdbd,2278
jbie,2279
geff,2281
fhab,2282
djah,2284
giac,2287
hdbc,2287
jfhc,2288
bfdg,2289
ibba,2293
gejc,2295
agff,2297
bgah,2298
ddig,2298
bedh,2299
cdjf,2299
bghe,2300
dcbc,2301
ecdb,2302
debj,2303
eeif,2304
hbjc,2305
jfcc,2306
ehfe,2308
jfdi,2310
eaei,2311
dchj,2312
bdje,2316
fhjc,2316
dhci,2317
ghii,2318
aeea,2319
bbac,2320
bhdi,2320
cddf,2321
chie,2323
iggf,2323
ajef,2324
fhfb,2324
gagd,2324
ibej,2326
bfbi,2327
jbed,2328
ebjj,2329
bgjf,2331
dieg,2333
djje,2333
edch,2333
bcec,2336
geca,2336
chaj,2337
ebcj,2338
jjdh,2338
bhhg,2340
geab,2340
hbab,2342
bchd,2343
igej,2347
jbfh,2347
ecdg,2348
aabf,2349
dche,2349
bjjj,2350
ggij,2350
ghgh,2351
bbbi,2352
bfhc,2352
bhei,2352
achh,2353
hech,2353
abii,2354
jaga,2354
aijh,2355
ejig,2355
cfbc,2356
feca,2356
iadi,2356
gdfe,2357
cbfa,2361
ieej,2361
fbga,2362
jcec,2363
bdch,2364
jaeb,2364
ficb,254
gjcd,256
bejj,257
hjfe,258
caib,259
bjdf,260
eejc,260
eeig,262
aahh,263
dacg,263
jaij,2364
hbjh,2365
hcbf,2366
dddd,2367
jchh,2369
eiia,2370
hjhb,2370
cgcj,2371
ggdd,2371
fecj,2372
bcef,2373
egef,2374
eiec,2374
fgeg,2374
dfbb,2376
ebih,2376
gjde,2376
iihe,2377
dhge,2378
aahj,2380
bhad,2381
abib,2383
aeeh,2383
hjbg,2383
abfc,2385
eadg,2385
haif,2385
hcaf,2385
ebeg,2387
fdhi,2387
ggeg,2387
acgb,2393
dfbc,2393
fica,2393
dagi,2395
cecd,2396
dgbb,2396
edhf,2396
bfef,2398
chbg,2398
djeg,2398
gche,2398
adbc,2401
ahfd,2401
acfi,2402
dgfb,2403
hhef,2405
ibed,2405
jhaf,2405
aije,2406
bfae,2406
bcae,2407
eggj,2407
jdad,2408
jfgf,2408
egaj,2409
dbie,2410
agfj,2411
igfe,2412
dgij,2418
ehif,2418
iaad,2418
ifch,2419
ahgi,2420
fdia,2420
ijeg,2420
ibid,2422
jigd,2422
hich,2423
bbeb,2424
dhhf,2424
gdbh,2424
cdcc,2425
ciee,2425
cibj,2426
egfi,2426
gcab,2426
jbgj,2426
fjcj,2428
jbgg,2428
jjjb,2428
decd,2430
ebhf,2430
jjfj,2431
ccdh,2432
hiej,2432
beig,2433
gibb,2433
jbbc,2434
bfeb,2435
cgda,2436
djab,2437
jifj,2438
iehg,2439
dbae,2440
dbjg,2441
ahdg,2443
baee,2444
ffbg,2445
eigg,2448
dfbj,264
ghgi,264
ijhf,264
jbcc,264
hjfb,265
fdch,266
ecff,267
chfb,269
dfei,271
eijb,271
dccc,2449
bgcc,2451
fffd,2451
idbg,2451
dedh,2453
ffbc,2454
bfed,2455
jdcg,2456
dadb,2457
iggj,2459
cdei,2463
fheg,2463
efed,2464
jcii,2464
acdf,2465
idee,2466
gicj,2467
jaid,2467
cfad,2468
bcag,2470
dhhe,2470
fdeg,2470
ahie,2472
aicd,2472
cgfe,2472
ahje,2473
facd,2473
jaed,2475
fhbj,2476
adaa,2477
hcbb,2477
cchh,2480
fgfi,2480
dehi,2481
igdi,2481
aaef,2483
ddjf,2484
gehi,2484
cdeg,2485
jaii,2485
jaaf,2486
fhbb,2487
aecb,2489
iihj,2491
bcge,2493
jfge,2494
cdfe,2495
dfhg,2496
fdgf,2496
eeje,2497
ighc,2497
jihi,2497
cebh,2499
gddh,2500
fdag,2501
idhh,2501
jiji,2501
ccgh,2502
cfgf,2503
dhfj,2503
gcde,2503
ibea,2505
ijaf,2505
bjff,2506
hfid,2506
edca,2507
edcc,2507
gagj,2507
dedg,2509
deeb,2509
djfi,2509
gibd,2510
eadb,2511
ihfj,2511
behc,2512
djig,2512
fcih,2513
dfdj,2514
gghd,2514
fgce,2516
igbi,2517
gdid,2518
ccjc,2521
gfdf,2521
bcgi,2522
gagf,2523
afgf,2524
aiac,2524
eiif,2524
fjae,2524
egib,2525
edbd,2526
cbih,2527
ecii,2527
bcfj,2528
ddgh,2528
cgig,2529
ghbh,2531
ebha,2534
degc,2535
bedd,272
bahg,274
dchg,274
abfg,275
aebg,275
gaja,275
fggb,276
fjej,277
bbgg,279
dhai,279
hdbh,2535
ijab,2535
cafh,2536
ggga,2536
iicj,2537
aahc,2539
deja,2539
eaej,2539
ffii,2539
djbd,2541
hhgc,2541
begi,2543
ffce,2543
chdg,2544
faga,2546
bggd,2547
feei,2547
icba,2547
ceeh,2549
fihe,2549
ifhc,2549
aigj,2550
ieeg,2552
cbhg,2554
iaia,2555
cjgh,2556
bica,2559
jgif,2559
agde,2562
hfeb,2565
eaij,2566
fiii,2566
ggjd,2568
jfhg,2568
biif,2572
ihgb,2572
adcj,2573
dggj,2573
aiee,2576
jghf,2577
egfa,2579
fefd,2579
aihh,2580
djda,2580
badd,2581
ahgc,2582
ghhi,2583
fegc,2584
cbah,2585
diac,2586
icgf,2587
daaa,2588
fhci,2589
heie,2589
gcii,2590
bccb,2591
gjgj,2592
ggdh,2594
cfef,2595
djhi,2595
ccic,2599
fdgi,2600
edde,2601
aidi,2602
chag,2602
iaae,2604
egch,2605
hihb,2606
ihhg,2606
eeja,2607
ifdh,2607
ehgf,2609
jdga,2610
effe,2611
ifie,2612
cagd,2613
gaaf,2613
aghh,2614
dide,2614
eihg,2614
ajhj,2615
jdde,2615
aafj,2616
efgd,2616
hggc,2616
ejhb,2617
bjhd,2618
icee,2618
eief,2619
behi,2620
hehi,2621
igbh,2623
aaaf,2624
ehca,2625
hgbg,2626
ejdd,2627
hdae,2628
fadg,2629
jjad,2629
ehbc,2630
ghdh,279
giic,282
hjfc,286
hfgd,288
begb,291
ibeb,291
cdcg,292
bghd,294
ddfg,294
iaig,294
decj,2631
ehci,2631
ghed,2632
ihcf,2633
agig,2634
jgia,2634
defi,2635
jhdh,2635
idhc,2637
bfba,2638
eacf,2641
eeea,2642
iafe,2645
daai,2647
dabg,2647
gebb,2647
bgbj,2648
hghc,2649
ccha,2650
fhjd,2652
fjii,2652
hbjj,2652
gjeb,2653
ecec,2655
dcdf,2656
gjig,2656
bhhf,2657
cddj,2659
baeg,2660
caga,2660
hahd,2660
hgig,2660
bhag,2662
dabd,2662
ihef,2662
dgah,2663
fedj,2664
abia,2666
afea,2666
fgdi,2666
dbjf,2667
cejf,2671
dagg,2671
hiij,2671
eeee,2674
jfch,2676
bgje,2679
fegh,2679
echh,2681
adhj,2682
ebhe,2683
fgbe,2683
gejh,2683
dhcj,2685
fahj,2686
ibbj,2686
fgje,2687
fhgi,2689
aefj,2692
jeee,2692
idhd,2694
ifjf,2694
gfde,2695
gffa,2695
hafd,2696
jgaf,2696
hicd,2698
ihij,2698
agga,2699
dbfa,2700
ffai,2700
cjha,2702
jdfe,2702
jjfg,2705
gdjc,2707
bihe,2708
difd,2708
idde,2709
cdje,2711
hhjb,2713
eeab,2714
bjid,2715
faec,2716
igji,2717
afdh,2718
fbei,2719
ifad,2722
hgfd,2723
idhi,2724
dhch,2725
fbcg,2730
hgjc,2730
ddgc,2732
ceeg,2734
hjbc,2735
dcfa,2738
eceb,2740
hcbd,2741
fefc,2742
bifd,2743
eicg,295
agai,296
beee,298
cgja,298
dibh,299
dffa,300
cajj,301
jdbj,301
jfda,301
acae,304
bjii,2743
cgdj,2743
cede,2745
fbfh,2745
haci,2745
acej,2746
chid,2748
dchd,2748
bfec,2749
ceej,2749
ifce,2750
bgic,2751
eaab,2753
adhe,2754
ihfh,2754
jfah,2754
dgci,2755
baac,2757
bhej,2757
dgce,2757
jdhe,2759
jiag,2759
gehf,2761
bjij,2762
ijhd,2762
bhdh,2763
jcdh,2763
bfic,2764
idad,2765
adfb,2766
ejeb,2766
fecb,2766
bbic,2767
gggj,2767
acef,2768
jbac,2768
hejg,2769
gifi,2770
jecg,2770
dhed,2773
bedj,2779
dbha,2779
djed,2780
djgj,2781
cbhb,2782
cfgc,2784
fhde,2784
ahff,2787
ijjb,2787
bfag,2788
bged,2789
ebii,2789
ecdh,2789
fbab,2789
gdej,2789
ecdj,2790
aihd,2793
ecaj,2794
agij,2797
aijd,2799
iajb,2799
aedf,2800
cebe,2801
edgj,2801
cgfd,2802
ajdd,2803
fhej,2804
jahd,2805
afdf,2806
cchg,2807
gidh,2808
behf,2810
bifg,2813
ehcg,2814
bijb,2817
jbig,2818
bfhb,2819
ibef,2821
acie,2823
fiae,2824
hfba,2826
fajh,2827
jhab,2828
jaje,2832
eajc,2833
acgi,2834
fadi,2834
hdjj,2835
higf,2835
fedf,2837
jehf,2837
jiie,2837
cedf,2838
dhae,2840
dedb,2842
aeae,2844
deih,2846
fjde,2847
jfih,2847
aibd,2848
bbfc,304
aabh,305
ebdi,305
jdfc,306
dgbe,309
jgah,309
cahi,310
idhe,311
degb,313
hehe,314
fffc,2848
egbj,2849
agca,2850
bjgj,2851
hfie,2851
ibig,2853
jaji,2853
febj,2854
jhah,2854
gijg,2855
ibih,2857
cbdh,2858
cccc,2859
cdff,2859
gchj,2859
bchj,2860
cdie,2862
ibdb,2863
ccef,2864
gdcc,2864
hdeh,2864
fdbh,2866
ijdh,2866
jegg,2866
aigc,2868
ffeb,2868
ibce,2868
adja,2869
jeef,2870
cdjd,2872
achg,2873
aejb,2875
fcgd,2876
dbia,2877
ihdb,2879
bgdb,2880
hcgd,2880
jcgb,2880
cdih,2882
bbea,2884
hida,2884
bjcf,2886
ffcf,2887
igch,2887
hadg,2888
dhjj,2890
digi,2890
idjj,2891
fjci,2892
aaih,2895
icji,2896
cied,2897
fjfc,2897
aghj,2901
jheb,2901
jdjf,2902
ajge,2903
fcbi,2903
aggj,2904
baha,2904
cffa,2905
digj,2905
gjaa,2905
fbch,2907
fice,2907
caij,2908
ccjg,2908
cejd,2908
ebbi,2908
gfha,2910
hide,2910
ehfb,2911
beje,2913
hafh,2913
ieeh,2914
hcjd,2915
dhec,2920
abab,2921
ahgf,2922
iafc,2924
ahei,2926
ccaf,2926
jaff,2929
jjah,2929
edec,2931
gbdc,2932
aada,2933
fede,2933
ibgb,2933
gcdb,2935
eife,2936
gjha,2939
fcce,2940
jghe,2940
cbgb,2941
ebjh,2942
fdba,2942
jfca,2942
fhbh,2943
hfbb,2943
bdde,315
jaae,315
gfid,316
iihc,318
bgjd,319
ifjd,319
fich,320
hhac,320
biee,321
facg,321
fghd,2945
dfbh,2948
iihi,2952
hghe,2954
iajf,2955
jeae,2955
eabi,2956
fgbf,2958
jhai,2958
debd,2959
djeh,2959
fdce,2959
agdb,2961
hcei,2962
jicj,2962
bjej,2963
ihjj,2966
fbjb,2971
icec,2971
bbai,2972
ejcj,2973
iifj,2973
icbc,2974
hcej,2976
hdcg,2976
ddab,2977
ibai,2978
bhii,2979
cfgg,2980
bfjf,2982
fdcc,2982
fcic,2984
hbhc,2985
egcg,2987
edeg,2988
ifhe,2989
eicc,2993
edgi,2996
beai,2999
bijh,2999
ciff,2999
fdbi,2999
ceeb,3000
jdjd,3001
bdid,3002
dcgi,3002
jgad,3002
cecj,3003
eajg,3005
bhbe,3006
ecgh,3007
gbca,3007
gdhb,3008
eefj,3010
jjhh,3012
chfa,3014
gcdi,3016
jjhc,3016
cifh,3017
ghdf,3018
aeec,3019
fbaf,3019
agge,3020
ddie,3020
adcg,3026
eaah,3027
jdac,3027
bhib,3028
ihah,3028
bbig,3030
cjdd,3030
cjie,3030
fhch,3030
bidj,3032
fbgb,3032
jgdj,3033
ieai,3038
cjji,3039
caic,3040
fagc,3040
hbhf,3040
dgjj,3041
gdbj,3041
ebid,3042
feia,3043
dahh,3046
jgdg,3046
edfh,3049
haac,3051
iafa,3051
agce,3053
bhgd,3053
ibeg,3053
hdgh,3054
edje,3055
fdig,3055
igfb,3055
dhif,3056
djfg,3057
afge,3058
ejdb,26
ggcd,26
bajg,27
bibj,27
hfee,27
dfhh,28
jgca,29
fahh,32
ejaj,33
cbca,35
dahc,324
dcic,324
high,325
hfgh,326
cjbe,327
fici,327
cjjh,328
djdh,328
fcaa,328
fdbb,328
dchc,3059
ifde,3059
bhab,3061
bida,3061
hdic,3061
bibe,3063
abca,3064
fged,3064
hfjh,3064
fffe,3065
iibe,3065
fehg,3066
idjd,3066
bcbh,3067
ebia,3070
jcci,3070
hafb,3071
jiai,3072
chhd,3073
cdea,3076
jcfi,3076
dhie,3078
gdad,3079
aegg,3080
acgc,3082
daac,3082
hjhf,3082
eide,3083
aafa,3084
eegb,3084
ahia,3092
abed,3095
hiia,3098
bdcf,3099
bich,3099
cajb,3099
gihg,3100
hfhj,3101
dahd,3103
fgbi,3104
cicd,3105
cjee,3105
bahi,3107
bcfa,3107
hhfb,3107
hjjg,3108
ajcc,3111
dehg,3111
ajhe,3112
gjah,3112
djjb,3113
ichj,3114
cahg,3115
jfji,3116
cbae,3118
jecc,3118
bacg,3119
fcca,3119
biba,3121
hcji,3121
fced,3122
hiih,3123
ijhh,3123
hjia,3126
ibhe,3127
gdba,3129
gjjb,3131
hced,3135
jjfb,3136
iegi,3139
ageb,3140
cbdc,3141
eafe,3143
hdia,3144
jece,3145
ahfg,3147
ecia,3150
eihj,3150
ecce,3153
hbda,3154
gfej,3155
hjef,3155
ifee,3156
dfib,3157
ijbe,3157
bghb,3159
bebg,3160
ebah,3162
acaf,3164
deff,3164
fbjd,3164
gfif,3164
jjbg,3167
eeaa,3168
ghjh,3168
haai,3170
hcjj,3170
hcec,3172
gbej,3173
hebg,3173
bjjh,330
efhi,330
fihj,332
gbjg,332
cead,333
cfjj,333
hcce,333
caeb,334
gdfh,334
hdgj,335
hicb,3173
bdcb,3174
eaje,3174
jbic,3174
gbaf,3175
cgah,3179
hcda,3179
hgje,3183
cbaf,3184
abcb,3187
cdhc,3188
ghdi,3190
ciea,3191
fjdh,3191
bdhj,3193
ciii,3193
iiic,3193
begc,3195
ijfd,3195
jcje,3195
agji,3196
eica,3197
ffgd,3198
gfee,3201
jaee,3201
ighg,3203
cibi,3204
hijb,3204
jfdf,3204
daad,3205
ahda,3206
cgjg,3206
dage,3208
bbec,3210
jbca,3213
dhji,3215
gcad,3216
bbdi,3219
feic,3221
hbcd,3221
ciah,3222
gcaf,3223
fabi,3225
geaf,3226
ibae,3226
icff,3226
gjec,3228
iehj,3228
cedd,3229
habf,3229
eifh,3231
iecj,3231
agaj,3232
iica,3232
ceag,3233
gaji,3234
ijch,3234
gbbe,3235
egba,3236
aedb,3237
aahg,3239
adaf,3239
bafh,3239
gddf,3239
egfd,3240
ibcd,3240
dahf,3241
bbaj,3242
fdjc,3244
gfhe,3245
ihcc,3245
ehaa,3247
iegh,3248
agad,3249
ehcc,3249
jeji,3249
dcce,3251
fiad,3251
hfhb,3251
bafi,3254
gdjg,3254
bidh,3256
caaj,3256
jgff,3258
dffc,3260
bhdg,3261
gehd,3262
hjdd,3262
igea,3262
dhih,3264
ahgd,3266
djbf,3266
abah,3269
eadd,3270
efdg,3270
hbje,3270
hghb,3272
hhaf,3275
jbce,3275
afgh,3278
idhj,335
ahca,336
dija,337
ifdb,337
iegb,339
fhbi,340
gidd,341
gjji,341
jfhe,341
begh,343
hgbc,3279
daag,3280
haab,3280
ffaf,3281
aaga,3283
djhf,3283
jdjb,3286
aejg,3287
fibc,3288
jffj,3288
iacc,3289
cehj,3291
gbgb,3291
gbja,3291
baej,3296
bfbe,3297
eabe,3297
hcbj,3300
ehjc,3301
gcfe,3301
jcde,3301
jiga,3301
cgji,3302
hffa,3304
dehh,3305
gcjg,3308
abcf,3309
dhfc,3309
hiag,3311
dgdg,3312
hgdj,3312
ffea,3313
gccb,3313
ddih,3314
decb,3314
diha,3315
gjjg,3315
hjeh,3315
ccac,3316
bcgf,3317
ccge,3318
jfjg,3318
idie,3319
iafh,3320
dfff,3323
eihb,3324
dedj,3327
dhaa,3327
ecdd,3328
jbii,3328
edaa,3331
hdbf,3332
jhca,3332
ajaj,3333
ejii,3333
jgei,3335
bcff,3336
iffi,3338
cfed,3339
defj,3341
eccj,3343
fefg,3343
dhhb,3344
eaeb,3344
ajia,3345
ihgj,3346
idbi,3352
acbf,3356
aigi,3356
bhae,3356
faac,3356
jddh,3356
jfeb,3356
jgee,3356
jiib,3358
dghf,3359
cihi,3360
hjhg,3361
bdii,3363
eejf,3364
jgfb,3364
effj,3366
cbci,3367
cfde,3367
fgcc,3368
ghhf,3369
fjjg,3370
hfde,3370
caai,3371
hcbh,3371
jafg,3371
jhej,3371
cgcc,3372
eije,3372
fiba,3373
cjfd,3374
jici,3374
eidi,3375
jije,3376
ejca,3379
caee,343
feda,344
ffdj,344
deed,345
biaa,347
hiaa,350
jgdd,350
bija,351
dadj,353
dgaa,353
biae,3385
badj,3387
ggee,3387
hfdi,3387
jgfj,3387
daib,3389
hcid,3391
hheg,3392
gabb,3393
eebf,3395
giih,3395
adbb,3396
aeba,3396
afeh,3396
gije,3396
ijfj,3396
fdjb,3397
ghjf,3397
jdae,3398
dggd,3399
jcia,3399
jjcb,3399
eida,3401
ifgj,3403
cfbi,3405
fbdb,3405
jfcf,3405
acbe,3406
jjgi,3406
aaej,3407
iaca,3408
bdjd,3409
hcad,3409
ebcf,3410
bige,3411
jebb,3412
aceg,3413
cdag,3413
aacf,3415
agba,3415
egjf,3417
ffjg,3419
adgj,3420
ebad,3420
ehgd,3420
eghj,3421
gbbb,3421
fccf,3424
djja,3425
bedg,3428
idij,3428
acfh,3429
giea,3429
iggc,3430
hgii,3432
dbif,3434
aeig,3437
fcaf,3437
ijfa,3437
jdej,3437
cgff,3438
ddcg,3438
cicf,3439
fdaj,3439
ijgb,3440
dheg,3442
iidi,3442
caed,3444
ecee,3444
jibe,3444
ajea,3445
hidg,3445
cchc,3446
idaf,3446
ijaa,3446
ggad,3447
bicb,3449
gafh,3449
jgbe,3451
dagf,3452
dgec,3452
jcda,3452
jhfj,3452
ecjf,3453
cajf,3454
fggc,3454
eddg,3457
beeh,3458
hadi,3458
dfba,3459
ccdi,3462
gaid,3462
iafi,3462
ccde,3463
bdfi,3465
fadd,3465
aifg,3466
dhje,3466
abhi,3467
abhh,3468
edda,353
hhag,353
chfh,354
fhdi,355
djca,356
fibg,356
gfib,357
ejfc,358
haff,359
fedd,363
egff,3469
hacb,3469
deaj,3470
eihh,3470
heje,3472
jdha,3472
ejdi,3473
ahai,3474
bhgg,3475
cejj,3476
iccg,3476
abda,3479
dcbd,3480
jebj,3480
hgba,3481
jdab,3487
aagb,3488
bdjh,3489
efbd,3492
eaaj,3494
gggh,3495
dbaa,3496
hibc,3502
dgcc,3503
ciad,3504
gafd,3504
aehc,3506
bfdc,3506
fcbe,3507
hafg,3511
iiej,3511
ejbj,3512
ifgf,3512
agbb,3513
ecbb,3513
hbja,3513
fega,3514
dcdb,3516
edcf,3516
jecd,3516
daci,3517
edba,3517
hagb,3520
caih,3521
jgcj,3521
ebfh,3523
fbdj,3523
idgf,3523
ihab,3523
dddh,3524
bdjc,3525
adfj,3527
ffij,3529
gdic,3529
fegg,3531
ahbc,3533
cfji,3533
gcja,3533
haib,3533
hfdd,3533
ahfe,3534
bcah,3534
ajad,3535
ijdf,3535
hjca,3538
ijeb,3538
cfgh,3539
fjhc,3539
hiei,3539
icag,3539
gbaa,3540
cedj,3543
djjh,3544
gcae,3544
caba,3545
ddac,3545
ebca,3545
jhfa,3545
bdea,3546
bfee,3548
hijg,3549
iefg,3549
fdhd,3553
jefh,3553
bdie,3554
eaha,3554
fbjg,3554
bdec,3555
cfje,3555
ifhh,3556
jjhi,3556
aace,3559
hdah,3559
idha,3559
hcii,3562
bfgj,3564
cbdj,3567
difj,3567
dbdb,3568
becc,3570
gfai,363
aage,365
gjdg,365
ebdj,366
gicg,366
echg,368
abjc,369
fagh,369
bhcb,372
ddfi,373
cacd,3570
gagi,3571
igig,3571
chib,3574
iehe,3575
ihje,3575
hhbd,3577
gdeg,3579
ejec,3580
cfcb,3588
fbda,3588
bihb,3589
daii,3589
jehe,3589
afje,3590
cbff,3590
cigj,3590
fbfg,3590
cchd,3591
eiaa,3591
abfe,3592
iddb,3592
eghi,3594
aigg,3596
ifib,3597
gjdd,3598
fjfb,3602
gibg,3602
ieij,3602
adee,3603
gdee,3603
caca,3604
difg,3606
bdji,3608
dici,3609
icfa,3612
ddgj,3614
bbbe,3617
dhee,3618
jegf,3620
efda,3621
ghfj,3621
hhhd,3623
feej,3624
ffha,3625
beei,3626
bfad,3626
bjaf,3628
dice,3629
bagd,3631
gjbg,3631
fhge,3632
jgeb,3632
dfjj,3634
achi,3636
cijj,3638
acda,3639
hghj,3639
gjbi,3641
cfjf,3642
ejhd,3642
eihd,3643
dfde,3645
ciac,3646
hhje,3647
biag,3648
ebac,3648
eiab,3652
bcha,3655
ijga,3655
ahab,3656
bffc,3657
cabd,3657
fcbj,3657
jahg,3657
ajhh,3660
gjae,3660
badh,3661
hiji,3661
igaf,3661
cebi,3663
fbfe,3663
agei,3665
ffbj,3666
hhfh,3666
adcc,3667
eedd,3667
aaia,3671
edga,3671
abae,3677
aieg,3677
ihcg,3678
cbaj,3679
ccga,3682
ejdf,3683
bbfi,3685
iebe,3685
hihj,3687
fjch,3688
igjb,3688
hjei,374
ifbc,374
jefj,374
gcid,376
jcdd,376
babe,380
bcde,383
hdii,386
ceea,387
ibfh,387
jfbc,3688
fjfj,3691
gieh,3691
ddgi,3692
hcib,3692
afeg,3693
iijc,3695
gbdb,3696
jdci,3696
adeg,3698
haje,3698
bfja,3700
fjcc,3700
bcee,3701
beih,3701
adcb,3702
agee,3702
aced,3704
bddh,3704
bhji,3705
cijb,3705
cjdc,3707
aicj,3709
ejha,3710
dfce,3711
dibj,3712
egic,3712
fgbb,3712
icfd,3713
baed,3714
ehee,3714
hbaf,3714
idag,3716
fcha,3717
bicf,3718
ahib,3719
bgfc,3719
fiie,3720
gjje,3720
jdcd,3720
jfij,3720
jajc,3721
agif,3722
jfci,3722
cjhf,3723
eahc,3724
igdc,3724
jgdh,3725
ddid,3726
ddii,3726
echi,3727
bjha,3729
bgab,3730
fehe,3730
giec,3730
dhaj,3732
djhe,3732
effd,3732
djef,3734
bceg,3736
fhhi,3736
hjhj,3736
icia,3737
hddc,3738
acih,3739
fejj,3739
cgai,3741
eahi,3742
jbej,3742
aajg,3743
bjfa,3744
eggh,3744
hdja,3744
dajj,3745
gfeg,3745
ceje,3747
ddhh,3747
ajgb,3748
bhde,3748
afec,3749
habh,3750
bdjf,3751
dgge,3751
fddh,3752
achd,3753
bdif,3754
fhii,3756
iaij,3756
bfcg,3757
fada,3757
ehic,3758
gfaa,3758
haic,3759
bjic,3760
cgbj,3761
dgef,3761
dhjc,3761
aich,3763
iffj,3763
ijad,3764
cggj,388
dbbh,388
jdhg,388
bjeg,392
iaec,392
bhbg,393
eicb,395
dbig,396
ffgf,396
bbaa,397
fbcf,3765
heea,3765
bfgg,3767
bjdc,3770
cacj,3772
heed,3773
bcjj,3775
eaee,3775
ebie,3776
ehfc,3776
afcg,3777
dcfe,3777
heji,3777
hidf,3778
hjcc,3779
eifi,3780
hfea,3780
bbag,3782
heae,3782
jacg,3783
hife,3785
egbh,3786
cihe,3789
hdag,3791
jecb,3792
jcfa,3793
ffih,3794
hihg,3795
aejd,3796
ccdj,3796
chei,3798
ebbd,3800
ccib,3803
fbfb,3803
hdba,3803
gcff,3806
cjij,3807
ihej,3807
iahj,3810
agjb,3813
dgae,3815
ddgf,3816
ciic,3817
jhgh,3818
gffc,3819
ghah,3819
hhih,3820
hdhg,3824
jhij,3824
efeb,3825
hgjg,3826
aeag,3827
jbih,3827
bgdg,3828
cfeh,3828
fihc,3829
fgef,3830
dhhj,3832
ifjg,3832
jddd,3833
acff,3835
iceb,3836
aabb,3837
efab,3843
bgbi,3846
hgcd,3848
jjca,3848
habi,3850
heig,3852
bfig,3853
hjhd,3854
jffa,3855
gadb,3858
aica,3860
gchf,3863
hiah,3863
cacf,3866
bjhh,3867
cffc,3867
djce,3867
afdg,3868
jfgb,3868
febb,3869
bjca,3870
ijeh,3871
bdge,3874
ieac,3874
jfae,3874
fdjj,3875
gfcj,3875
ajdi,3877
begg,3878
hfci,3879
eceg,3880
jage,3883
ebcc,3884
bach,3888
faah,3888
hjfa,3890
aiia,3891
deeh,397
abdh,398
ebgd,398
dffe,399
edfg,402
feih,405
jgcg,405
eahd,406
gfdh,407
ahfh,410
fhih,3891
begf,3892
hchj,3892
ehii,3893
eibe,3893
haga,3893
dfeb,3895
fhha,3895
aibe,3897
bgcb,3898
hhij,3898
daeb,3902
ddhe,3903
bbhe,3904
bdbg,3904
cbii,3904
jhih,3906
jiaj,3907
adjb,3908
gaad,3908
bhfg,3909
gghf,3909
aeia,3910
dehc,3911
icdj,3912
eagb,3915
iaaa,3916
biac,3917
jjba,3917
gdah,3918
ahcd,3920
cijc,3920
baie,3921
jjja,3922
igjj,3923
jcfb,3924
aagd,3925
aebf,3926
dhfa,3926
aegd,3927
cfej,3927
ffgc,3928
bghf,3929
gbac,3929
bahb,3930
dfha,3930
befe,3931
eeaf,3933
ehei,3933
jjib,3933
ehdi,3934
efaa,3935
iheb,3936
aeac,3937
cbbc,3938
chah,3938
adab,3939
egfb,3939
dijf,3940
cbeh,3941
iejc,3941
jgib,3941
cagi,3942
fgai,3942
gegi,3943
gefd,3945
dbgg,3949
jida,3949
acii,3950
ecfh,3950
hjgc,3950
jaeg,3950
eedg,3952
bfjd,3954
eacc,3955
ejbb,3955
gabf,3956
jajf,3957
heah,3958
bcfc,3959
hdci,3959
cefj,3960
ejbh,3961
aicb,3962
haef,3962
ccdb,3964
hcfc,3965
jejh,3965
eaid,3966
hefb,3967
gedc,3969
daha,3970
jgcd,3970
aead,3972
cbga,3972
ighf,3972
jjgg,3973
hahe,3975
eebj,3976
eehg,3978
eddh,410
jejb,412
ajbb,416
jabj,416
cefi,419
egjc,419
ihcb,419
cdbd,420
egii,421
bhdf,422
gfhg,3979
efge,3980
abdb,3982
eadj,3984
agid,3985
jfde,3986
bbbj,3987
jifh,3987
ahde,3988
dabh,3990
biga,3991
ghic,3991
jdce,3991
fbgg,3992
fjag,3992
jcdj,3992
hidi,3993
dfja,3994
ehdg,3994
fgfe,3994
gefh,3994
hcje,3994
jccc,3995
hgid,3996
hiaf,3996
hcfh,3997
jief,4000
hjic,4001
deic,4003
gbaj,4004
ibgj,4006
cada,4007
cdce,4007
agbc,4008
cbdb,4008
bifb,4010
fcff,4010
ifbd,4010
hdhb,4012
edjh,4015
hgha,4015
hjed,4015
hiee,4016
gaaa,4017
egaa,4019
fhji,4020
ijca,4020
hjfd,4022
ejgc,4023
icdf,4024
jjfa,4024
bgga,4025
ddbc,4025
cjcj,4026
eagj,4028
ecad,4028
hgah,4028
gigc,4029
hbfa,4029
jajg,4029
hfgf,4030
bicg,4031
fhbd,4031
bcfd,4032
bcgd,4033
cdbf,4034
edef,4035
fjie,4036
fbgf,4037
dcbj,4038
icdh,4040
aehe,4044
fbhj,4044
ghhe,4044
cfig,4045
fijc,4045
jjai,4046
fceh,4053
fcjf,4054
gdeh,4054
ijjh,4054
hdgg,4057
ajji,4058
bgbc,4058
dicj,4060
fbji,4063
fcfa,4063
cgdc,4064
ggce,4065
iiac,4065
jjac,4065
cghf,4067
gfdg,4067
ijcd,4067
bjba,4068
hifa,4068
jdcc,4068
fhdc,4069
ccih,4070
fabd,4070
aicc,36
bcbe,36
dfeh,36
djbi,36
cadd,37
hjch,38
igeb,38
ajec,39
cgbf,39
ieab,39
hcaa,424
jjjg,425
gdfi,426
ffaa,427
ibif,427
bjaj,428
efje,428
abhc,430
ggfi,431
ibff,431
bfce,4071
daed,4071
gbfb,4072
eihc,4073
ehhe,4076
hfcc,4076
ibcf,4076
ggae,4078
eabd,4079
bfff,4080
igdb,4081
jahe,4081
jiid,4083
iiai,4084
dada,4085
ejgh,4085
ffjf,4087
bicj,4088
dgji,4092
bedi,4093
edfi,4096
fbhc,4099
gcdf,4099
gdbg,4099
ifgc,4101
jdbc,4101
bdig,4103
efjg,4103
diib,4104
eeib,4104
agdh,4105
chig,4105
adch,4106
jbef,4107
gfcd,4108
hfcb,4108
hhjj,4109
agjh,4111
fibj,4112
ajda,4114
agfd,4115
ejhj,4116
eedc,4118
ccfi,4119
fhig,4119
gied,4119
hgda,4119
aefh,4121
faei,4121
gcgb,4126
cige,4127
cjei,4127
fdef,4127
ehbh,4129
fafa,4129
icab,4129
jcca,4130
dbcd,4132
fgji,4132
dcda,4133
hfih,4133
ddce,4135
ijhi,4135
jcdi,4136
fcjh,4137
ifdg,4137
fdci,4139
jcfd,4140
bjbc,4141
ehbg,4143
ehge,4143
gbad,4144
dcah,4145
eajd,4147
igie,4147
icde,4148
daca,4149
afih,4150
bcaf,4152
beef,4157
fgij,4157
jgjg,4157
gbic,4159
jcaj,4159
adcd,4160
ciga,4160
ihfg,4161
jieg,4161
dbbi,4162
jeih,4162
echc,4165
chgj,4167
gbbg,4167
aidb,4168
ahid,4170
ciji,4170
gghc,4170
jchb,4171
ddec,4173
ecdi,4176
jaaj,431
dehd,432
gcie,432
fhfj,433
afbg,434
bcfe,435
gedi,435
dfdi,436
faed,436
cadi,437
ehae,4176
iibh,4182
jhjf,4182
jbgb,4183
gcih,4184
hgih,4185
ieaf,4185
bjdb,4186
daaf,4186
ehjg,4187
iibc,4187
jfdg,4187
gigh,4189
ffdc,4190
dihc,4191
fiag,4191
cdjh,4192
gbde,4192
ibfe,4192
deaa,4193
dcfi,4195
ajeg,4196
ehea,4196
jdeb,4198
hjjj,4199
icai,4200
idai,4200
iifa,4200
cccf,4201
aafi,4202
dhid,4202
cfaj,4203
gcdc,4203
jiec,4203
bgce,4204
efcb,4206
hbhh,4206
chhi,4208
eheh,4209
agbd,4210
bjdg,4210
abhj,4211
dhgj,4211
fcci,4212
eiih,4213
cgca,4214
efbc,4214
ifeg,4214
abgi,4216
diff,4216
chbi,4220
gcea,4220
haeb,4220
befj,4221
gehg,4221
ajci,4225
ehaf,4225
hjga,4225
afij,4228
iief,4231
jbae,4232
jceg,4232
ffbe,4234
difc,4235
bffg,4236
gjgd,4237
gcee,4238
fief,4241
dfcj,4242
eeff,4242
fcdf,4242
hecc,4249
fcga,4251
gahc,4252
hbhi,4257
bhaa,4259
ghjg,4259
hjif,4259
afhb,4260
bfgb,4260
ghbe,4260
icjj,4260
fjea,4261
jgjb,4262
cjhc,4265
cbfe,4268
edjd,4269
gjih,4269
dbcb,4270
hdjc,4270
ccia,4272
geee,4273
ghjd,4273
becj,4274
bgff,4275
jjia,4275
heha,4276
aaci,4278
affe,4278
hjgg,4278
fbfa,438
bgba,439
caii,439
dhdf,441
edhi,441
bjhf,442
ebjf,442
ecai,442
fbje,444
ijbf,444
dbhd,4279
ejia,4279
fiaj,4280
gdia,4281
bbca,4283
babi,4284
jfic,4284
gjid,4285
aggf,4287
dbgc,4287
gegg,4287
hacg,4287
bddc,4289
cbaa,4289
cica,4289
eieh,4289
cbjg,4290
hhjd,4290
bhhc,4291
hdce,4291
ejac,4292
jhch,4293
adgc,4294
dbfg,4294
iddg,4294
egdc,4295
ibbf,4296
dcjd,4297
ibhc,4297
jieb,4297
hcff,4298
adac,4299
efid,4300
dgbc,4301
fibb,4301
cihg,4305
cjja,4307
ecge,4307
egcc,4309
ahbi,4310
hibd,4313
hihh,4314
hehj,4316
dhdh,4317
ihja,4317
bjfg,4320
bjfh,4321
jdgj,4322
ggba,4323
bjjg,4324
ffaj,4324
gegh,4325
jjjc,4325
bgie,4326
ceai,4327
fgfd,4327
cdgi,4328
fjce,4328
jhae,4328
acgh,4329
cggb,4330
ggei,4330
eeed,4331
cfbg,4332
hjdb,4334
abgd,4336
hdjb,4338
cdhj,4339
jcbc,4339
haeh,4341
gacj,4342
hcdj,4342
gbie,4343
aceh,4344
jdhd,4344
bede,4345
ejif,4345
gegb,4345
hdej,4347
iifb,4349
hggh,4351
ifif,4351
heag,4353
bgac,4354
fdbg,4354
hcgb,4356
ahfj,4357
hhbh,4357
aaah,4358
ifbi,4359
aeah,4362
hijd,4362
jgaa,4362
caig,4365
diia,4365
dbfj,4366
deaf,4367
fifb,4367
ifhb,4367
jehh,4369
jcbi,445
jbad,446
beba,447
ijif,447
gfdb,448
cggd,450
cici,451
bbga,452
digc,452
dcif,454
gdjf,4370
gbid,4372
fihi,4373
acdg,4374
edif,4376
ggdi,4376
hagj,4377
hhbc,4377
cjeh,4380
figb,4380
hcdh,4381
eccg,4382
gjdi,4382
hegd,4382
cghe,4389
jdei,4389
hdei,4390
ejdg,4391
dgca,4392
ahcf,4394
iied,4394
jbjd,4394
ebfb,4395
hfge,4395
ghfe,4396
idia,4396
iaie,4397
cgih,4400
fcge,4400
dgjh,4402
debi,4403
jffe,4403
aahd,4404
fefi,4405
hfab,4405
eahb,4406
hffh,4406
jbid,4407
ceaj,4408
gcbb,4409
ggah,4409
ifei,4410
ehbe,4412
aidh,4413
addb,4415
cffd,4415
gchb,4415
iheg,4416
bhfe,4417
cehd,4418
idge,4418
cgij,4422
iiaj,4423
jige,4424
caea,4425
acdh,4426
fdac,4426
fcad,4427
bggi,4428
cebf,4428
jicd,4428
gfjf,4430
afdb,4431
cegj,4431
djjj,4431
icbi,4431
fgcd,4433
fgjc,4433
idaa,4433
aggb,4434
fbjh,4436
fgdg,4436
hija,4437
ieei,4437
fdji,4438
iaii,4442
jfbb,4442
abec,4443
fjfg,4447
edgb,4449
hbbh,4449
haij,4450
ihdj,4450
bbae,4453
cdcd,4453
fhcf,4453
igha,4454
jdda,4454
ggcg,4456
bcab,4459
ccgf,4459
hhad,4459
bafa,4460
fgde,4460
cgif,4461
eicf,4461
ajae,4462
hacf,4463
bddb,4465
efeg,4465
hbha,454
ajcj,455
gbhb,456
jhda,456
afff,457
gabj,457
habb,457
gbbh,458
jfjj,458
jggd,458
ghje,4465
cghd,4466
deai,4466
cjbj,4468
ichd,4468
jgbi,4469
ecjg,4470
dgha,4472
acga,4473
ghai,4473
eaib,4475
ffah,4475
hiig,4475
heif,4477
jcdc,4477
eecf,4480
bfei,4481
bbcg,4482
cgef,4482
ciej,4482
chji,4483
djdc,4483
fhhg,4486
gbjb,4486
jaeh,4486
jhfb,4486
aahf,4490
eabj,4490
afjh,4491
dcgh,4492
dicg,4492
cbej,4493
hage,4493
cdja,4494
fifg,4495
geei,4496
ajcg,4497
aiff,4499
ddbg,4499
dhgc,4499
feaf,4499
ffhg,4500
jaef,4500
bgca,4501
abjg,4504
ghfc,4504
iiij,4505
cagj,4506
diag,4506
hagd,4506
ahaf,4507
dfaj,4507
giie,4507
cccb,4508
fbbj,4508
cecb,4509
dcbh,4512
bbfe,4514
jcaf,4515
ghaj,4516
cgha,4518
ecij,4518
hgdc,4518
chbj,4521
eaea,4521
ddhc,4522
ghjj,4523
haaa,4523
gahd,4524
fbdh,4525
cfdg,4527
aaji,4528
ijdj,4529
cjac,4530
ihee,4530
hfjc,4531
iceh,4532
gjfb,4533
dbah,4535
hcdf,4535
jdge,4535
ibda,4536
jeja,4536
aiei,4538
jfff,4539
beeb,4540
fcdb,4540
fcgf,4540
bajh,4542
gbjj,4542
fjaf,4544
jgdi,4544
igif,4546
eaag,4547
gafj,4547
afgg,4549
ddbf,4550
eehi,4550
degg,4551
ffci,4553
fijf,459
agha,460
efhg,461
bjag,464
deac,464
eccc,465
hhia,465
dida,466
fcfg,468
ecej,469
gbdf,4555
hbfe,4555
ddeb,4556
ifij,4556
fbeb,4559
fgac,4559
ghde,4559
agjd,4561
hdhj,4566
ifff,4567
bjac,4568
fiih,4568
ddjc,4570
bgbe,4576
fcai,4576
giia,4577
jdbi,4579
fiff,4580
hjee,4580
ijhc,4582
abac,4584
aegh,4585
hfbf,4585
dfjb,4586
fchi,4586
hbcj,4586
gdbc,4594
faid,4596
hche,4596
jifb,4596
befh,4597
gdgj,4597
ddib,4599
djhb,4600
ibfb,4600
aifd,4604
badi,4605
afig,4607
bech,4608
iicc,4609
ggbf,4610
ccai,4612
hhdg,4613
aifi,4614
dddg,4614
gjai,4614
bdih,4616
eijj,4616
hajh,4617
behd,4618
hece,4620
hadd,4621
bbgi,4623
bffb,4623
gcfb,4623
dejf,4624
hiaj,4625
bijj,4626
ebbh,4626
ecgb,4627
hebe,4627
ijaj,4627
jbif,4629
aiij,4630
cfjc,4630
dejh,4630
jech,4630
hdac,4631
idhb,4631
egjj,4635
iafj,4636
bced,4637
biad,4639
dgib,4639
gdgc,4640
bacf,4641
bbib,4641
fdij,4646
aaaj,4647
cjeg,4652
jhdc,4652
dcej,4654
fcgj,4654
ejce,4655
hieg,4656
ecje,4657
ajba,4659
cbic,4659
fhij,4660
ecch,4663
ihhj,4663
jedb,4664
aiah,4665
beff,4665
bhfj,4665
dbbc,4665
beda,4666
hhda,4666
gbec,4667
giij,4667
jfdj,470
bbcb,471
ejib,471
iehf,474
cbed,476
ffab,476
geii,476
bhca,478
cdga,478
ibei,480
dfgb,4668
ibja,4668
gaie,4669
cjaf,4672
biea,4673
ibgc,4673
fdhj,4674
ceca,4675
eadh,4675
haaj,4676
fcfj,4680
gajh,4680
dbgb,4681
dhcb,4681
hefa,4683
agfh,4688
eafd,4688
gajb,4690
iida,4690
ijgj,4692
ccji,4693
jggg,4693
jhib,4693
iabb,4694
ebbj,4696
gadh,4696
cfjg,4697
djee,4697
fjhj,4698
fiic,4699
iidj,4705
gafg,4706
cieh,4707
jgfd,4708
ficd,4709
bdfg,4710
dcbf,4711
jjic,4711
gbei,4713
gcch,4713
bief,4714
dbfi,4714
gbbj,4714
bhjg,4715
gbjd,4715
jhba,4715
chci,4716
jjgf,4716
fjaj,4717
cjed,4718
jgje,4721
cbig,4722
egdd,4722
dhbc,4723
gegj,4723
hcbg,4724
cced,4725
ahfc,4726
ehfd,4726
bbah,4727
bfeg,4729
bifj,4730
fgdj,4730
fbca,4731
hgcj,4731
ddde,4732
gcge,4733
ijcb,4733
jihe,4734
ceah,4735
hdbj,4736
cicc,4737
eefh,4737
egcf,4737
fhjh,4737
ghif,4740
agia,4741
ajag,4741
bdef,4741
jegj,4741
aeej,4743
dabi,4743
aggi,4744
ceii,4744
ejbf,4744
hhai,4746
ihhb,4746
cjbd,4747
jdcj,4748
aifb,4750
adhi,4751
edbe,4752
gbee,4754
jccb,4754
dcgj,4755
jfea,4756
habg,4757
hbfj,4757
bdce,4758
fjab,4759
hcfj,482
cjjf,483
jafe,483
jdje,483
ibag,485
idbj,485
fdbf,486
idah,486
cdid,487
ajeh,489
jidj,4759
bfbd,4760
fhgf,4761
iaeb,4761
agii,4762
bfaa,4762
dbib,4762
heaf,4762
fdgd,4763
jgbg,4763
iiei,4765
abeb,4769
aiaf,4770
gide,4770
heeh,4772
hiic,4774
bbhg,4775
eefc,4778
ifah,4778
iebf,4779
aceb,4780
cbid,4780
dccg,4785
acdb,4786
cgae,4786
djgc,4787
ifdi,4787
fefh,4790
gjfe,4790
iiaa,4790
bhdd,4794
fgec,4795
ghea,4795
bdfe,4796
faff,4796
ejde,4798
fije,4800
dghc,4802
ffjc,4803
echd,4805
fbac,4808
dcga,4809
hdhf,4811
bdcg,4812
gaib,4813
cfgj,4815
cadh,4817
cfih,4819
jbhc,4820
eiie,4821
hiai,4821
chhg,4822
hdbg,4822
chih,4823
ceie,4826
faci,4828
fdja,4830
djci,4831
jcgc,4832
edig,4834
ifia,4834
bieg,4836
feef,4837
bhbb,4838
jajb,4839
cahc,4840
ieia,4841
gadi,4842
dbff,4843
ehbi,4843
aeed,4844
iddj,4846
eeci,4847
egfh,4848
ggbb,4849
ejhi,4850
gacf,4850
fgaj,4851
fjcf,4852
iicd,4854
ccfd,4856
aefb,4857
ahci,4857
ehba,4857
adaj,4858
cgbi,4858
djgg,4859
ibia,4859
bjgg,4860
gjgf,4860
ajjh,4861
cgjb,4861
adjc,4863
cjbc,4864
iabj,4865
ecae,4869
adag,4870
fcbc,4872
fgcg,4872
jdhc,4873
icih,489
hgfa,492
chej,494
cjhj,494
efif,496
jhbc,497
eeeb,498
idfh,499
eaec,500
hdji,501
cfch,4874
hbij,4875
eehe,4876
heba,4876
aiih,4878
efii,4880
ijgi,4881
ghca,4882
ighi,4882
hfif,4883
gdhj,4885
bihg,4887
jiig,4887
iiee,4888
eeia,4889
ghij,4889
iabc,4890
ifaf,4890
cgbc,4891
dibi,4891
gjhg,4893
fcdh,4894
gbdj,4894
adeh,4896
gjhh,4903
fefb,4904
jgji,4904
ajaa,4905
iaei,4906
bfhd,4909
dgdc,4911
iddc,4911
hiif,4912
dcfh,4914
efha,4914
fbgi,4914
ddea,4916
baih,4917
djia,4917
eiha,4917
ideh,4917
iigh,4918
hgce,4919
iggb,4920
cbgj,4922
ffgb,4922
fdjg,4923
afji,4925
hbeb,4926
ifeh,4926
ifej,4926
jeac,4926
adha,4927
bffd,4927
hjea,4927
bcbi,4928
dagd,4929
egia,4929
hffg,4929
aeaj,4930
eifd,4931
dieb,4933
gbjc,4934
ghaa,4936
ebib,4938
gjgb,4939
eiad,4940
ffcb,4940
ihie,4940
fcef,4942
hhji,4943
ifhg,4943
dfif,4944
gfgb,4944
hiha,4944
gddc,4949
hahc,4949
fhcg,4950
jcga,4951
jcif,4951
diid,4952
jfhf,4952
jibc,4952
dgfd,4954
jbei,4956
caie,4957
aiej,4959
hhjg,4959
hdha,4960
jdij,4960
abbh,4961
hifj,4961
bhia,4962
edab,4962
jiac,4962
hicf,4963
hidb,4963
ifac,4963
abij,4964
iebd,4965
ajfa,502
bbei,502
ddje,503
gejd,504
cegg,505
dcde,508
acjh,509
hije,513
fhbf,515
ghci,516
egfc,4967
dfgf,4970
fahd,4971
ijcj,4971
chhj,4972
dfcd,4972
dfgc,4973
dhhd,4973
fbhg,4973
fdff,4973
iedb,4973
cdad,4974
chjg,4977
ddha,4977
dhdj,4977
ciig,4980
eacg,4980
hgie,4981
hbfb,4982
aajb,4983
caei,4984
cdcj,4986
hhdd,4986
hjbi,4986
bgja,4988
cbce,4989
ccig,4989
fdfb,4990
fghc,4990
bgaa,4991
ehhc,4997
gcac,4999
gegf,4999
iach,4999
ebgf,5000
gagb,5001
ifcd,5001
bcja,5002
ebjb,5002
hbae,5002
cdbj,5004
iahi,5005
jbhj,5005
dged,5009
ggaf,5009
jadg,5012
higa,5013
abbg,5015
bcej,5016
heia,5018
cbac,5020
eehd,5020
efji,5021
jibd,5021
cchj,5022
djij,5022
hdcb,5023
iiii,5025
gdbf,5026
idih,5030
jaic,5030
adii,5031
fabf,5032
cfaa,5036
diaj,5036
ejjg,5036
jiba,5036
jegc,5038
bcig,5039
jfif,5039
ddaj,5040
gjfd,5040
hgbe,5041
hjgj,5041
jhfe,5041
jeec,5042
agef,5043
gecd,5043
cefg,5044
gdib,5045
faej,5046
icjd,5046
cjci,5047
ihca,5047
ggeb,5051
eecj,5052
ajij,5053
igbe,5053
jigj,5053
dgjg,5056
diaf,5056
ffae,5057
iijh,5057
acje,5058
jfaa,5059
jhgc,5059
ehhf,5063
biaj,5065
eiea,5066
fiej,5066
aiab,41
hagi,43
bfcc,44
gghb,44
bbed,45
ggjj,48
jbhg,49
bijd,51
ifji,52
egec,53
ifge,516
eeaj,517
idcj,517
igag,517
bgcg,518
acif,521
fbja,521
cfeg,522
fgeb,523
aadd,525
bgfe,5067
eaic,5067
ieji,5067
gehj,5069
ciie,5070
bdeb,5071
ebhh,5071
ijgh,5071
abjj,5072
afif,5072
gbgc,5072
dejd,5074
eige,5074
jbab,5075
efcc,5076
adcf,5077
cddg,5078
iijd,5078
dgdf,5079
aege,5082
fcec,5082
igbd,5084
ijij,5085
agcd,5087
djgb,5089
ahhd,5090
cegi,5097
dgfa,5098
iajg,5098
jaaa,5098
ghbd,5103
hdbb,5103
jbfe,5103
bbcj,5104
cgjc,5104
dbfe,5104
eddb,5105
iebc,5108
hchb,5109
dbij,5110
jhhe,5110
fcfh,5112
ibjj,5113
agbj,5114
iifc,5114
jfcj,5114
ehje,5116
hghh,5119
iagi,5120
ehfh,5122
igee,5122
aeeg,5123
gifb,5123
behg,5127
hggg,5127
fajc,5129
fcij,5130
gihf,5130
afha,5131
hhcg,5132
ffad,5135
jdji,5139
jhge,5139
gbif,5140
gdgh,5140
gdhh,5140
fhhc,5141
dhef,5142
eded,5142
aagc,5143
beec,5143
fgfg,5145
icha,5145
fbhf,5147
jbje,5147
jghd,5147
dbec,5148
gghi,5148
dcba,5150
hdfh,5150
gigf,5151
ajjc,5153
hjgf,5156
cfcc,5157
dahi,5158
fieb,5158
ecci,5160
fhfh,5160
hffj,5160
bcba,5163
deei,5164
gijb,5165
hfgg,5165
adhg,5166
gebe,5166
biid,5167
gbbc,5169
icge,5169
bjjd,5171
cibe,5171
dcie,525
fjbi,525
hcch,527
dfai,529
ejdh,529
dhhi,530
afcd,531
ifbe,531
fchf,533
cbjj,534
heec,5172
jdbe,5172
dfhd,5173
gihi,5173
cdaa,5175
iccd,5175
hhfc,5176
ihfd,5176
abaj,5179
bhih,5181
hgfh,5181
gaef,5182
haed,5182
jdgg,5182
bfjj,5183
bhgh,5184
ddga,5185
jebf,5185
cfbh,5187
dcfd,5187
heda,5188
dccb,5189
fhdb,5191
baeh,5193
fece,5193
aebd,5196
cgcd,5196
bije,5197
cbdi,5197
cija,5199
ghja,5199
agjg,5200
cjfa,5200
gedd,5201
afej,5203
cgdf,5203
dgcg,5204
gbgh,5204
jfad,5204
beie,5208
gdhe,5209
hefg,5210
jibh,5210
bcbg,5212
jifi,5212
dhcd,5213
fhac,5213
cebc,5214
ieie,5218
cdaj,5219
bghj,5220
bjig,5221
icbf,5221
baag,5222
ggag,5223
hebi,5223
jjhj,5223
adbf,5224
hhfj,5225
jgic,5225
ehjd,5226
ecfa,5229
ejai,5233
hdig,5233
fdcj,5234
hach,5238
cdci,5239
ddgd,5239
fdfi,5239
aade,5240
hcfa,5241
afgi,5242
adbj,5243
gceh,5244
giah,5244
eaai,5246
heee,5247
jihh,5247
jdhb,5249
iicb,5250
hbca,5251
dfdf,5252
jahb,5253
gjgh,5255
jcjg,5255
jhdb,5255
hdbd,5256
cfcf,5257
fifd,5257
hbdh,5257
dffi,5258
bhfa,5259
cdfj,5259
aaje,5260
cbef,5260
iagh,5260
hhbj,5261
ahjd,5263
bejf,5265
ghbf,5266
gcig,534
adig,535
dceg,535
eiei,536
ifcb,538
efjj,539
fhfi,541
jgfa,541
efce,543
eehb,544
diab,5268
hfaa,5269
acaj,5271
gaic,5271
fggi,5272
eafc,5273
gece,5273
dfed,5275
dibf,5275
hdib,5275
difa,5276
bbhj,5277
faea,5278
hfjf,5278
cbif,5279
acfd,5280
abff,5283
ibhj,5283
hdaa,5284
ifjb,5284
agae,5289
jjid,5290
ahfa,5291
cage,5291
dhgi,5294
afjf,5295
digd,5295
fidc,5297
bchb,5298
haii,5298
biec,5299
faib,5300
aaif,5301
afgb,5304
beib,5305
aebj,5306
cbjc,5306
cjbh,5307
ejbi,5309
icjf,5310
cgje,5312
hjgh,5313
adbi,5315
ajab,5316
egbb,5317
baec,5318
bhjb,5318
dfjd,5319
fgig,5324
bjei,5326
hbej,5328
hcdc,5328
afhc,5330
dcge,5331
caah,5333
geed,5333
cbhh,5334
aigb,5335
jidg,5335
didi,5336
afhi,5337
eebc,5337
ajih,5338
cgab,5341
dbee,5342
ehjb,5343
eibb,5343
hcbc,5344
idch,5344
hhbe,5345
hjaj,5345
bicc,5346
hbaa,5347
hjda,5347
gjfj,5349
jadi,5350
bcid,5351
eddf,5352
ijfi,5357
edeb,5358
abfj,5363
hhhf,5364
adej,5365
daji,5366
ehha,5366
dcii,5368
fjef,5370
bead,5371
fbid,5371
iedg,5371
iich,5371
heja,5372
jife,5376
cffe,5377
fjgj,5378
hfhe,5379
dbei,5381
bjdj,5382
jigi,5383
bhbi,5384
fghe,546
gaii,546
djdb,547
caci,548
icif,549
gaba,551
hccd,552
jghh,552
igae,555
jhcd,555
hifd,5385
egci,5386
jica,5386
ahef,5388
adgd,5389
cebg,5389
bfea,5390
jfjb,5393
hhja,5397
jaig,5397
jaia,5399
aacb,5400
ebje,5400
idfa,5402
gjib,5404
abgb,5405
gcij,5405
iefe,5405
bfaj,5408
cfcd,5408
higi,5408
edff,5411
ggac,5412
jhig,5413
acic,5414
bbjg,5414
acjj,5416
eaja,5416
facb,5416
ifbg,5418
ajig,5419
bidf,5422
edci,5422
cggh,5423
aajh,5426
bdac,5426
dahb,5426
hjdj,5426
jihg,5426
fife,5428
jfjh,5430
jaac,5431
aghi,5434
dibd,5435
fhcj,5435
bhhd,5436
ddei,5437
ehcf,5439
hgad,5439
ccej,5440
babc,5443
gijh,5444
gbba,5447
icib,5447
fggg,5448
bhbh,5449
acag,5452
gjdh,5452
ghdb,5453
ihih,5453
cchi,5454
cjcd,5457
chhb,5458
gchi,5460
jeaj,5460
ccij,5461
gfca,5461
heab,5461
cafj,5464
dgad,5465
hieh,5465
deee,5468
faeg,5468
ghba,5468
bjje,5469
fdej,5469
fgbj,5469
bahc,5470
cjjd,5470
cjgb,5471
hfib,5471
dbbj,5473
eggc,5473
gafe,5474
ehie,5475
ceic,5477
gaaj,5477
ihdi,5477
fgej,5478
fgii,5479
iaid,5479
iibf,5480
cbad,5481
ajdb,5482
bbfj,5482
jbfa,5482
ichi,5483
aach,5484
cche,5485
ibcc,5485
addf,556
gbcd,556
dafe,559
jfej,560
eefi,562
ehhg,562
ejea,562
dbgj,563
adah,566
idfb,567
dfjh,5488
fieg,5488
eddi,5489
bigh,5490
dbdd,5490
ibaj,5491
deae,5492
afjb,5494
deia,5495
aifh,5496
gjbe,5497
igah,5498
jhbf,5498
cigg,5499
cgbd,5500
hfdb,5500
afdj,5501
djai,5501
hceg,5501
ihga,5501
jhbj,5501
defc,5504
egfe,5508
ahag,5509
bicd,5509
ffhh,5509
hjbf,5510
ciha,5511
djfc,5512
ahhh,5513
jaif,5514
aeci,5516
eaie,5516
igfd,5517
bggj,5519
gicf,5519
jcbj,5519
jijh,5521
dbac,5523
edia,5523
ibab,5525
faie,5528
fjia,5528
jbhh,5529
dbbg,5532
fadj,5533
hhcb,5535
jcid,5535
bifc,5536
gdbe,5538
iace,5538
cgfi,5541
idej,5542
jfbj,5542
bcje,5543
aaaa,5544
cdgb,5544
gjbb,5544
jbgf,5544
jfhb,5544
cagc,5545
cceb,5545
giig,5545
bdhb,5547
fbgh,5547
bjfb,5548
cggi,5548
idbd,5549
idaj,5551
aiad,5554
difh,5554
hddj,5554
hdgc,5556
iife,5556
cdcb,5558
ciaf,5558
chhe,5560
eged,5560
icbg,5561
jfaf,5562
gbih,5563
daeh,5564
efbh,5564
aecc,5566
ahhb,5566
ghbj,5566
chdf,5567
gbbi,5567
bhge,5571
hcah,5571
ciag,5572
egif,5573
cfga,5576
adad,5577
fiai,5578
ihfa,5578
babb,5579
cdca,5579
ggha,5580
ecea,5583
eiai,570
dhba,572
igjc,572
ieig,574
hjbj,575
ddjh,578
gaag,578
ajca,579
ihfc,579
bjdd,582
eddc,5584
bgfh,5585
eifa,5586
gcdj,5587
hceh,5589
bbdd,5590
abaf,5591
giff,5591
ifbf,5592
abhe,5593
hjdc,5595
ddfj,5596
dgdd,5597
ejfb,5597
gcci,5597
dihj,5598
jdch,5598
aaee,5599
chda,5600
fecd,5601
dafi,5604
hfji,5604
beac,5605
hifc,5605
ahif,5609
jaai,5610
jdfg,5612
abfh,5613
aecg,5613
jfid,5613
jijc,5613
aehf,5614
ejfg,5614
gbgf,5616
fcae,5617
ddif,5618
ihcd,5619
eice,5621
cgea,5623
gega,5623
igga,5623
jbia,5623
fhgc,5624
behh,5625
eiaj,5627
bbbb,5628
ecfb,5628
ibhd,5629
cjjc,5630
hbif,5631
dfdg,5633
ieca,5633
jjde,5633
agbg,5634
hgij,5635
cgic,5637
eegg,5637
eiig,5637
iigf,5641
ddia,5642
ehab,5642
hfii,5642
cidg,5644
dhdb,5644
hchc,5645
hfja,5645
hgbh,5648
abba,5649
efbf,5649
fhdf,5649
adje,5650
gead,5650
acbb,5651
iahc,5651
djhg,5652
cggg,5653
dhfb,5653
jggi,5653
jeai,5654
aigd,5659
deba,5659
cecc,5661
dade,5662
fdfc,5662
igcf,5662
eghb,5663
bhcf,5664
cjfb,5664
daie,5664
ajhd,5665
bjhi,5667
eajh,5668
hgdi,5668
abcg,5669
jiee,5670
ddfa,5671
hdje,5676
hdai,5677
iedh,5682
afda,5683
dbjh,583
bcjc,584
fffb,585
jidh,588
fdeh,591
faaa,592
ihbd,593
fhga,595
bjbf,597
jfeg,597
djif,5684
bidc,5685
fgbd,5685
bfdd,5687
chja,5687
afbj,5690
gajf,5691
jjgd,5691
aiif,5693
fcie,5693
ibjd,5693
cdjg,5694
ecfd,5694
chbh,5696
eede,5696
ddbi,5698
baef,5699
dbej,5700
hbcf,5701
ggji,5702
jihc,5702
ejgi,5703
efcd,5705
ifhf,5705
djha,5706
giei,5706
ifhj,5706
efci,5708
bijg,5710
dbhi,5710
hhbf,5710
gdja,5712
caje,5713
djgh,5713
ibib,5713
efgc,5714
chhf,5715
djaa,5716
bibf,5717
afac,5718
hfag,5718
gfef,5719
idgj,5720
dfae,5721
fddg,5722
ahic,5723
cbeg,5724
fcif,5724
ieje,5724
biah,5725
beci,5727
dbdf,5727
afdc,5728
diad,5729
dgeg,5730
ejag,5730
bfbh,5731
ccba,5731
dehf,5731
djff,5731
ggdj,5733
biej,5735
dbjj,5736
ffgi,5737
gjbc,5739
cgdd,5740
geah,5740
dahg,5743
fija,5743
gbfd,5744
ghch,5747
gcbh,5749
ejfd,5755
gbcc,5756
jbdf,5756
hccc,5759
jeie,5760
ibaf,5761
ajgg,5762
hgac,5762
igdh,5762
dccd,5765
hedj,5765
dhda,5766
egie,5766
gecg,5766
jjji,5766
cfcj,5767
ijfg,5767
agic,5768
ijff,5770
ajdc,5771
bceb,5771
agej,5774
jcdb,5775
edhh,5776
ehch,5780
jcfc,5784
igbg,5787
gfjd,5789
fdhh,598
aadi,599
hhea,600
gidc,602
gfea,603
cejh,605
gcdd,606
bcdi,607
ggda,607
hfig,607
haid,5789
bcii,5790
bheb,5791
geec,5792
gjed,5793
jigg,5793
ghda,5795
efbg,5796
gaca,5796
dcff,5798
fhee,5799
haae,5800
hehd,5800
jfbf,5800
gccg,5801
iehb,5803
djeb,5804
jbbi,5804
chcg,5806
bfha,5808
cacb,5808
eabh,5810
bcbb,5811
eaed,5812
ggjh,5817
bhbc,5818
idca,5818
ebdh,5819
ggab,5819
icid,5819
dhbj,5820
dhgb,5821
fjjc,5821
abdc,5822
bhij,5822
hdfe,5822
eebd,5823
eigj,5823
fhdj,5823
cdij,5824
dced,5824
fjdg,5824
jedf,5827
bbih,5829
gbcj,5833
ijei,5833
fhbc,5834
dhic,5837
deej,5838
ejja,5838
ccjf,5839
hfce,5839
beaj,5840
eefe,5840
cfjd,5842
edhd,5842
gbcb,5842
hgic,5845
fgcb,5846
gcjh,5847
hgec,5847
dahe,5849
abeh,5850
bdad,5850
abdf,5851
hdcc,5851
hcjg,5852
gaah,5853
hgfb,5854
jjbd,5854
baci,5855
cdhe,5855
ggjf,5855
ceec,5857
iejd,5860
ebga,5861
jdie,5861
ccei,5862
cfci,5862
bffi,5865
ghej,5865
ejei,5866
hefh,5867
bbad,5868
bcij,5870
dhbh,5870
fjbe,5870
jaha,5870
bife,5871
gecf,5871
hgeh,5871
hecd,5874
bejb,5875
jeag,5875
dgeb,5877
ggbh,5877
gbhc,5878
baai,5881
bddi,5881
cbeb,5882
fbii,608
ibfg,610
iddi,611
hadc,613
jigc,613
fgah,614
gbig,615
jafi,615
gcjf,616
gicd,616
hccg,5884
afjc,5885
jdgh,5885
becf,5886
bjci,5886
ghdd,5888
djbj,5889
jiah,5890
ddaf,5894
cgfj,5897
gege,5898
bfhf,5900
aabc,5902
ciia,5902
faha,5902
iaea,5903
aacd,5904
bbeh,5905
hfca,5908
hffc,5909
igaa,5911
dhhh,5912
eiji,5912
jibi,5916
djic,5917
ccbf,5918
ehgg,5918
gibj,5920
didf,5922
dafd,5923
deea,5923
dijc,5924
jejd,5926
ijbb,5928
aegc,5929
fhef,5929
cibg,5930
ajbe,5933
eeej,5934
fgch,5935
hgai,5937
jcja,5937
cijg,5938
jcji,5939
eaji,5941
gicb,5942
jbhd,5942
gegd,5944
hidc,5944
dgie,5945
adgg,5946
chba,5948
fhjf,5948
ajbh,5949
dfcg,5949
hheh,5949
ihgh,5950
edaf,5952
ijha,5953
gahi,5954
gfae,5954
fjdb,5955
bdgb,5956
idda,5956
jejc,5956
chjb,5959
idcd,5959
cbee,5960
iiie,5961
cebb,5962
gffg,5962
cbge,5964
gifa,5964
iaah,5965
diga,5966
icdb,5968
egbe,5969
hagf,5970
iidf,5971
chhc,5973
dfbg,5975
gbji,5975
jedg,5975
fhdd,5976
abih,5977
jjgb,5977
cedh,5979
faii,5979
bgaf,5980
fdjf,5980
iici,5980
egjb,5981
dcdh,5984
ahgh,5985
aaib,5986
hbgh,5986
bhga,5987
ifae,5987
ccaa,5990
cdef,5992
ggib,617
jafh,619
bieb,620
giaj,621
hegb,621
iidg,621
baji,622
dcfg,622
edcj,622
gdac,622
efdb,5995
baje,5996
bbcf,5996
djaj,5998
eieg,5999
gahh,5999
hdfg,6001
jgac,6002
fgdd,6003
aece,6005
jiad,6007
adjj,6009
ibgg,6009
bjcg,6010
fiaf,6010
aaec,6011
bebb,6011
heci,6011
heei,6012
bajb,6013
cbij,6013
hhdf,6013
dihd,6014
ffbd,6014
afga,6015
fdic,6016
dcci,6018
fcdg,6018
fjgd,6018
ahii,6020
iheh,6021
egaf,6023
ihia,6025
bigd,6028
faeh,6029
hhhg,6029
caac,6030
dfaa,6031
bhgc,6032
gjej,6032
hbfd,6032
iegc,6033
cbei,6035
fijb,6035
efdc,6037
ihbb,6037
gjeg,6039
baah,6042
hega,6042
jbeb,6042
aghc,6044
jbba,6044
jdef,6044
fedh,6045
bdbj,6046
fhie,6047
ifcc,6048
beif,6053
iaba,6053
ccch,6054
hgfe,6054
jifc,6055
hadj,6058
hgjf,6058
ajfj,6060
cedb,6060
ecdf,6060
ihjd,6060
efej,6063
fbej,6068
cbfb,6070
jgbj,6070
bfij,6071
cibb,6071
adea,6073
aide,6074
bbji,6074
fdjd,6075
gcbj,6079
jbaa,6079
cejb,6080
dfbe,6080
gjcf,6080
hedi,6081
cgfg,6082
aeca,6083
iedi,6085
fifh,6086
jibj,6088
gceg,6089
dbgh,6090
bgig,6091
cjai,6092
haih,6093
hbhj,6094
dddj,6096
ihdf,6096
dfbi,6097
hdcj,6097
bgfj,6099
afjj,54
dddc,54
gjea,54
iabd,54
dghe,55
dhfi,55
ebja,55
hbee,55
agab,56
cbbe,57
ceab,624
iced,626
fiec,628
hbec,628
aeef,629
cigd,630
ieaj,630
idii,631
igdf,631
hjcj,638
bjji,6099
dhgd,6099
gejb,6099
jijg,6099
bfci,6100
ijbi,6102
hbgi,6106
biij,6107
hbjb,6107
ahhj,6108
fgjg,6108
icae,6110
gcej,6111
jigh,6111
afaf,6114
fgae,6114
eabg,6115
icfj,6118
gjei,6120
haad,6120
ifgi,6120
bcih,6122
cdfi,6126
gddb,6126
ffcd,6127
iehh,6127
djie,6128
fddc,6128
aghe,6130
hgbf,6130
djhh,6131
fbhd,6131
bhgf,6132
gjgc,6132
bcca,6134
jfja,6136
bdda,6139
dhjf,6139
fdah,6139
bbhf,6140
eagg,6141
eega,6141
dbjc,6143
fdhb,6143
cfic,6145
fagi,6145
abhb,6146
cbji,6146
ehdf,6146
chfg,6148
haig,6148
ccjj,6151
eahh,6153
edji,6155
ifjh,6156
jggc,6156
bccd,6157
djjg,6157
jjbe,6157
hjae,6158
jiab,6158
cjic,6159
hbbb,6159
hfjj,6159
egei,6160
eich,6160
jffd,6161
jgjj,6162
egja,6163
ijce,6163
bhac,6166
gjhd,6167
gefg,6168
aeda,6169
dejc,6169
ffag,6169
bgdh,6170
eeda,6170
ecjb,6172
aebc,6173
afdi,6174
jadd,6174
aadb,6175
hdgb,6175
gfgg,6176
bcfg,6178
cbia,6179
fcfb,6181
ibhh,6181
hgbb,6182
eaci,6185
cijh,6186
bijc,6188
acee,6192
gbdd,6193
hefe,6193
dcfc,6195
ggid,6195
hfei,6195
ibcg,6195
adgf,639
dcad,640
aadc,641
gfjg,641
ddcd,644
deha,644
fhbg,644
hjcf,645
ceij,648
efjh,649
gaij,6196
haji,6197
hdcf,6197
bhja,6198
ehgj,6205
ijfb,6205
ajjg,6207
cbdg,6207
fgee,6208
bgaj,6209
jacf,6209
dbdh,6211
djec,6211
gdcj,6212
bjbi,6218
djbb,6218
cjce,6219
eaff,6220
ijcf,6220
hidh,6221
bhbd,6222
bdbh,6225
bgib,6226
dbeb,6226
ejie,6226
iieg,6226
efde,6229
fcdd,6229
haie,6229
jbci,6229
acjg,6230
ciij,6230
jihb,6230
abfb,6232
bgfi,6234
edgf,6234
ibic,6235
fdee,6236
agib,6237
hhge,6238
aadf,6241
bihf,6242
hief,6242
gbff,6243
bbfa,6244
bbfd,6244
fffj,6244
jeii,6245
gbea,6246
gbcg,6247
ijba,6247
jdfi,6247
egid,6248
ffjh,6248
hhbi,6248
jcij,6248
cfab,6249
fjif,6249
hehc,6249
fhaa,6250
idid,6250
bgeb,6251
fecc,6251
adhc,6252
ebae,6254
hafj,6257
hiec,6257
cbdf,6259
ciei,6259
hbdi,6260
fbeg,6264
hgga,6264
fgic,6267
fjcb,6268
jffh,6268
iigd,6271
iifh,6276
chac,6277
bbii,6278
hddi,6278
fgge,6279
djcd,6280
jfai,6283
cieb,6285
daef,6287
ibdc,6288
icjh,6288
ajed,6290
fbgc,6291
jbjg,6291
cfgb,6292
eehc,6299
ccfc,6300
idgi,6301
ihii,6301
ighd,6302
baia,6304
eghh,6304
hfjd,6306
hjah,6306
hddd,649
jdff,649
beii,651
gefc,656
ficg,658
jeda,659
jege,659
ffbh,660
hfgc,660
dgfe,662
efch,6307
gdfd,6311
ajch,6312
idcb,6312
ieea,6312
jfee,6312
beeg,6315
dabj,6315
bbaf,6316
ijef,6318
eech,6319
aaai,6320
ccdf,6320
dbfc,6323
fbah,6325
feee,6325
djea,6326
eaaa,6326
deef,6327
dgbd,6328
ahja,6329
bcad,6329
bdbd,6329
cddd,6330
ecde,6330
ejcd,6330
hejh,6330
giaf,6331
gjcc,6332
befa,6333
eaii,6333
gfbg,6333
edbj,6334
jgih,6334
afbf,6336
bihj,6338
djfh,6339
gfab,6340
iafd,6340
jeaa,6340
jeif,6340
deab,6342
hjjf,6344
dejb,6345
hjba,6345
diec,6347
dffh,6348
ggih,6348
jcaa,6353
bfhh,6355
bhdj,6355
jjbi,6355
difb,6357
hegc,6358
dhjh,6359
eijg,6359
jbjc,6364
jgjf,6364
cfdd,6367
fjji,6367
hddf,6367
abji,6370
gfjc,6370
dfih,6371
jhia,6371
ebai,6372
cegc,6373
febc,6373
hbcb,6375
eibc,6376
jfaj,6376
gfii,6377
ebcd,6378
eacb,6382
hcfg,6383
fdge,6384
adhd,6385
hjhe,6385
cgga,6386
cjhb,6386
fcfe,6388
bbjj,6389
jijf,6389
bajc,6390
ffei,6390
ffja,6390
iadf,6390
chgd,6391
ihai,6391
hjbe,6392
ihcj,6395
jcai,6396
babg,6397
ddcc,6397
ebcg,6397
fihb,6397
hjhi,6397
aafh,6398
jibg,6398
fjfh,6403
hjie,662
ibdh,662
gfcb,664
agac,666
becg,666
chaf,666
iabg,666
bifi,667
fcje,667
cgde,668
hgea,6403
bjcd,6410
ceif,6411
hadf,6413
fcjd,6414
fige,6414
igbf,6414
daif,6415
jgdb,6417
cgjd,6418
ehej,6418
hfbe,6420
heaa,6421
jbaj,6421
cgge,6422
dagj,6422
iefb,6422
ifec,6422
hiie,6423
bcea,6424
bfie,6424
iegg,6424
iiff,6424
feig,6426
iddh,6426
jiej,6429
feif,6430
dcij,6431
ahhf,6432
habc,6433
hdeb,6433
iecc,6433
jcjh,6433
jfjf,6435
edhe,6436
dcid,6437
jbgc,6438
cida,6439
geea,6439
ffba,6441
dcjf,6442
fheh,6444
acbh,6445
gaed,6445
cdah,6446
cfah,6448
cigc,6449
gahb,6449
hcag,6449
iead,6451
bchi,6452
adhh,6453
ebgc,6453
jebg,6453
djbc,6454
gccf,6454
iibj,6454
biie,6456
dijh,6458
ecag,6458
aeab,6459
aedd,6459
debb,6460
ecji,6460
eidg,6460
hbbj,6460
ghga,6462
iije,6462
fffi,6463
ggii,6465
dhhg,6467
ffde,6468
dfhf,6469
fech,6469
cdgf,6470
aabe,6471
chca,6471
dfgd,6473
afaa,6477
aihg,6477
babd,6477
gdha,6477
adeb,6479
icgd,6480
idji,6480
geif,6482
ageg,6484
agja,6485
igbj,6485
bjae,6490
igff,6490
ajbc,6493
fcch,6494
jgdc,6494
dfij,6495
bhbf,6496
cfce,6496
chii,6496
gfia,6497
eicd,6498
dcjj,668
dhbf,668
cccd,669
hhgf,669
hbie,670
igac,671
ggja,672
accb,673
iacg,675
jdii,675
gdec,6499
bhbj,6500
ghae,6500
eaga,6502
gjii,6503
dfhi,6505
hegg,6505
ceae,6507
dcgc,6509
ebjd,6509
hdfi,6509
ehag,6510
hchf,6510
idbf,6510
addc,6512
fiea,6512
agfb,6515
eabb,6516
fdih,6516
haec,6516
acdi,6517
ehfg,6517
fajf,6517
ajii,6518
dcac,6518
ghdc,6518
idcf,6518
aejj,6519
fbdf,6519
jedc,6520
bebj,6523
ajai,6524
dbge,6524
ibha,6524
bcdj,6525
dchb,6525
gaea,6525
hdde,6525
bhff,6526
idfe,6526
gfah,6527
ijjf,6528
dfea,6530
feec,6533
jaja,6533
bjhg,6534
fbfj,6534
jdbd,6534
cfjh,6535
jfbe,6535
fbff,6536
hgei,6536
cbea,6537
eaig,6538
ccfh,6539
hjig,6540
dhgg,6541
abce,6546
fgag,6546
gdga,6547
cdhf,6548
abcj,6549
eibi,6549
aahi,6550
bece,6550
eebg,6551
hbhe,6551
faai,6552
fjgb,6552
cabb,6553
gcag,6553
ecbe,6555
gfji,6557
bjfj,6558
hfae,6558
bcji,6559
dijg,6559
edha,6559
iiji,6559
gghh,6560
hhha,6563
daee,6565
bdab,6566
gfdc,6567
gice,6567
iaac,6569
bjcb,6570
djcg,6572
bgde,6575
fgbg,6578
bcgc,6582
geib,6582
ajdf,6585
hcgf,6585
hhfi,6585
cdeb,6588
jbbg,6588
ccda,6589
ecbi,6589
idjg,6589
dgjf,676
fhja,676
iadb,678
ggej,679
fajj,680
behb,683
abjd,685
cbba,685
begd,686
icbh,686
hcai,6591
aggh,6592
fbci,6592
hbfh,6592
diae,6594
aegj,6595
ajfh,6598
bhjc,6598
eijc,6599
cdgj,6600
icjb,6600
bfaf,6602
gebf,6602
jhci,6603
agjf,6604
ihid,6604
jfbd,6604
iibd,6606
jchi,6607
fhid,6608
icja,6608
afee,6610
dfcc,6610
eegd,6611
dgfc,6613
fgif,6613
bfhi,6614
dbdi,6614
iffa,6614
hgbi,6615
jaci,6615
jejf,6615
ecid,6616
cfhb,6618
dhjd,6618
jcbf,6618
ahhc,6619
defd,6620
jgab,6620
bjce,6621
effc,6621
jfgg,6621
bgha,6623
hahg,6623
hgfi,6623
hfbh,6624
ifci,6624
ijfe,6624
jgcf,6624
icgi,6627
fccc,6628
gjga,6628
jcae,6629
daei,6630
icej,6631
acai,6632
idje,6632
jbbb,6632
bhcc,6633
dbje,6633
acgd,6634
jegh,6634
aiai,6635
dgjd,6636
gdeb,6639
dcfj,6640
hjib,6640
dfjg,6641
abch,6642
eccb,6644
ccbh,6646
dbcf,6646
egge,6646
bgeh,6648
hbad,6648
jhhh,6648
bcjh,6650
ehac,6650
ifid,6650
jgii,6650
jjdb,6652
ahij,6653
ijje,6653
bgjj,6654
bahh,6656
jebi,6658
cicg,6659
bdia,6660
ecei,6660
icij,6664
fhgg,6665
gjgi,6665
fach,6666
cjbi,6667
hddh,6668
ffjd,6670
fjhf,6670
cbdd,6671
hbci,6671
jbgd,6671
cije,687
jcab,687
jegd,687
hahj,688
gibc,690
fcfd,691
fegd,694
bdjb,695
bibg,696
hgjj,696
cefd,6672
gidg,6672
hbge,6675
iefi,6675
bgei,6678
jcah,6678
ahed,6679
daea,6679
jfgh,6681
dbbf,6682
ajhi,6683
bfjc,6683
abig,6687
eeba,6687
bffj,6688
dbdj,6688
hfjg,6688
dfcf,6689
fghi,6689
gfci,6690
djbh,6691
aeaf,6692
cjjj,6696
gjhi,6696
heii,6696
fcbg,6697
biic,6700
hifg,6700
ehgi,6701
ihed,6703
jjhf,6703
agie,6704
dbih,6704
gdjd,6704
cfja,6705
ijjj,6705
jjag,6705
fghj,6706
badb,6707
gehh,6707
cgei,6709
fcei,6709
hffi,6709
fjaa,6711
hfeg,6713
abbj,6714
bbij,6715
cfff,6715
gjhb,6719
diee,6720
cdii,6721
gfbe,6722
gjag,6724
djcb,6725
efih,6727
heff,6727
bbjb,6730
giej,6730
febd,6731
ciih,6733
agcg,6734
gehb,6734
aagf,6736
bibh,6737
abif,6740
fcjj,6741
aagi,6742
bhai,6742
ccbd,6743
aijb,6747
ajdg,6747
achc,6748
eigd,6749
ddbh,6750
iecg,6751
eege,6752
ghfg,6752
ihha,6752
jhhf,6752
gaeg,6753
jcib,6753
edbi,6759
feag,6760
hgji,6761
iaci,6761
hhei,6762
gfdd,6763
hjec,6763
aiaj,6766
cddb,6766
ehda,6767
gjaf,6767
baga,6769
hdhc,6769
dajb,6770
diih,6770
fcgh,6770
eeji,6773
dabf,6774
fghg,6775
ifii,698
hied,700
jdgb,702
fhjb,703
ijhe,703
ecbd,704
died,705
jhie,705
dgea,708
ejcg,708
fida,6775
hjff,6775
jfce,6777
ajbd,6778
djch,6778
djei,6778
fbag,6779
fjee,6779
gfbc,6779
cfdh,6780
jajh,6780
djid,6781
bbjd,6785
egjg,6785
heej,6787
cggf,6788
gadd,6788
becb,6789
dbhc,6789
hicg,6790
bejh,6791
gedj,6793
ahea,6794
abic,6796
gjie,6796
cgad,6797
degf,6797
efdi,6797
hfec,6799
dcdi,6801
aeje,6802
caha,6802
fchj,6803
jhag,6803
beaf,6804
jjed,6805
djde,6806
aiib,6808
gfbj,6809
ijec,6809
ggfd,6811
diie,6812
fbaa,6812
hjfi,6813
fafc,6814
chbe,6815
abei,6816
bdej,6816
egbf,6816
iahf,6819
ifcg,6820
jcig,6820
ajhb,6821
iffe,6823
jaie,6823
fchc,6824
gdcf,6825
hdge,6825
ehed,6826
aggg,6827
bbef,6827
daga,6828
hbhb,6829
ahhg,6830
bjia,6830
ghcg,6830
cfhh,6832
gefb,6832
ahga,6834
bgbf,6834
ebea,6834
ahec,6836
cjig,6836
dacf,6836
aajj,6837
aibc,6837
ejed,6837
ihec,6839
bedf,6840
fcia,6842
edbc,6844
chch,6846
ciib,6846
jccd,6846
heac,6847
jbaf,6849
jhfg,6849
bafj,6850
dedi,6850
gchd,6850
gcha,6853
jjeh,6853
edjg,6855
fcfi,6856
icgg,6856
fefe,6857
acbj,6858
chgi,6858
gebd,6859
gffh,6860
fbec,708
hhec,708
feie,709
bfbc,713
jabi,713
bfeh,714
ffig,714
ejgb,715
feba,715
gbbd,718
badc,6862
giae,6862
cgaj,6863
adgh,6865
afia,6865
cged,6866
deig,6868
cejc,6869
hggi,6869
jdcb,6869
hjad,6872
ahcg,6876
jafb,6876
geie,6879
aegi,6880
fabh,6880
hige,6880
jcih,6880
ehai,6882
didb,6884
ecig,6884
eiee,6884
aacj,6885
ebhc,6886
edfd,6886
jcgg,6886
caff,6887
faji,6887
figg,6887
ibjc,6887
bbci,6890
ccgi,6891
ejej,6891
fjad,6892
aejf,6893
hgee,6893
beaa,6894
ebhg,6894
daig,6895
ajcd,6896
ibjg,6896
dfbf,6899
cifb,6900
igef,6901
agcf,6902
bhef,6903
ghhc,6903
cgeg,6905
effb,6906
hfhg,6906
aaed,6907
eahg,6908
ahch,6909
cgaf,6909
dffd,6910
jjdg,6910
aeeb,6911
cdac,6911
ajgf,6913
jfhi,6913
becd,6915
bege,6915
cdch,6915
dcbg,6915
aheg,6916
ideb,6916
cihj,6917
gccc,6917
bbda,6918
fiee,6918
jhcg,6919
cice,6921
fhce,6922
ghhj,6922
jcea,6922
diaa,6923
ccid,6924
dgjc,6924
jcac,6924
adgb,6925
adfe,6926
jjaa,6926
hifh,6927
cgcf,6928
chdc,6928
ffgh,6928
hbdc,6928
bghi,6929
jfie,6929
ggec,6934
jaec,6934
jbcd,6934
dbdc,6935
fdgg,6937
cdej,6942
dfga,6942
fcah,6942
gdag,6942
dbgi,6943
fadh,6943
aidg,719
iijg,719
iicg,720
aida,721
bcdf,721
dgbf,721
ibhb,722
hbea,723
dhgh,724
ghig,727
gfjh,6943
adff,6944
ahbj,6944
dfjf,6945
fjdi,6945
hhjh,6945
efec,6946
fcdj,6946
hhgg,6946
chgf,6947
gaee,6948
beia,6950
jghb,6950
cgac,6951
hbig,6952
ifef,6953
bbgb,6955
fadc,6955
ahig,6957
jgcb,6957
ahjj,6958
agcc,6960
baij,6960
gdbd,6963
abfd,6966
hihi,6969
ajff,6970
fjhd,6970
cjfi,6971
egde,6972
hffe,6974
jadj,6974
acfb,6975
ebfi,6976
hgge,6976
ffhf,6977
hjcg,6977
bidd,6978
geba,6978
cief,6983
hijf,6983
ifhi,6983
gbhf,6985
edja,6988
gfhh,6990
hhae,6991
ecda,6992
egeb,6992
dfgi,6993
fdei,6993
iifg,6993
cceg,6995
gjfc,6997
gfeb,6998
idjc,6998
cjae,7003
dcdd,7003
fcaj,7004
aajd,7007
fdda,7007
cdee,7008
hdec,7009
dicb,7010
gaec,7011
bfih,7012
chjh,7012
jaba,7014
ahaa,7015
cceh,7015
gaje,7015
afah,7016
befb,7016
cbag,7017
dcgf,7017
gifd,7017
efgj,7018
jidf,7018
cfae,7019
fhgj,7021
ebhd,7022
ajgi,7024
bbcd,7025
ihad,7026
jgef,7026
efba,7027
echj,7029
eidj,7030
ccfj,7031
cbgf,7034
bdag,7037
beca,7038
fhfd,7038
eeii,7041
bhce,7044
fggd,7044
jija,7044
haah,7045
djji,7046
afhj,7048
jghi,7048
jbeh,57
bdjj,58
ecjd,62
jjig,65
hcbe,67
dfie,68
ghib,68
hegi,71
ahcj,72
dbci,72
jeff,727
dbgf,732
eafa,733
gfga,735
fbjc,736
ejjj,739
hjha,739
jdag,741
gibi,742
jada,742
fdfh,7049
ajga,7053
bdgj,7053
hhgj,7053
bfej,7056
eegh,7056
jdea,7057
dcec,7058
hcaj,7058
cidh,7059
ccgb,7060
cfag,7061
cjdf,7063
dggh,7064
iged,7064
jfgd,7064
fgci,7065
fgjf,7065
bhdc,7066
gffi,7066
fggh,7067
ihch,7068
ijdg,7068
jafc,7068
ghfb,7069
eeha,7070
dajh,7074
afgj,7075
afae,7077
dcjh,7077
ddcj,7077
igid,7081
aiec,7082
ahah,7085
jdee,7085
idcc,7086
dgbi,7092
igdj,7092
hggb,7094
gdfa,7095
gaif,7097
adge,7099
fihf,7099
fhca,7100
gdaa,7101
each,7104
ihfb,7104
hjeb,7108
ahcc,7110
gdjh,7111
gfjb,7112
gaac,7113
hdbi,7113
cbgd,7114
ecfc,7114
ejcb,7115
figa,7116
jbee,7116
aagj,7117
agcb,7117
aggd,7118
fcgg,7118
bhba,7119
ijie,7119
didh,7120
jbdh,7121
bjhe,7122
dbai,7122
jcjd,7122
jcfe,7123
icgb,7124
gddg,7125
heid,7125
bcgh,7129
faag,7132
fdai,7133
jagi,7133
jdja,7133
cifa,7134
djfb,7134
hggd,7134
dddb,7135
gcif,7135
hhif,7136
bcic,7139
iffg,7139
dbbe,7140
bgda,7141
dihh,7141
dijd,7141
ccah,7142
iihd,7142
ceaa,7144
aecj,7145
ahcb,7147
hggj,7147
ajie,7151
iiib,7152
jfha,7152
bjbb,7155
hacc,743
bjgc,744
egdg,746
gbab,747
ehib,749
ebgb,750
hghg,750
fhhe,752
ichh,754
bhci,756
cbhc,7157
gddi,7158
bbbc,7161
bgdf,7161
egji,7161
adjd,7163
aedi,7163
efff,7165
ibii,7166
dadd,7167
igfh,7167
djag,7170
dcea,7171
jjbj,7171
ibjh,7172
dafh,7174
aefg,7176
eeij,7176
ejae,7176
dbhh,7177
jeba,7177
bacj,7178
gich,7178
igca,7179
cjde,7180
ejab,7181
cfbf,7182
eigb,7182
fabb,7183
cbfj,7184
eaca,7184
geda,7184
ajib,7185
eage,7185
fbbb,7185
gebh,7186
dddi,7187
fjdc,7187
hjdg,7187
ahge,7190
faeb,7191
fdea,7191
bfde,7193
fcja,7193
efhc,7195
ihif,7195
daeg,7197
ecgi,7197
gdih,7198
hiea,7198
cdjb,7199
djac,7200
chjf,7202
bjgb,7203
hccj,7203
jcgh,7203
baca,7205
faij,7206
fbia,7207
ccbc,7208
aede,7209
bfdb,7214
jffi,7215
iahh,7217
idgb,7217
igai,7217
bcaj,7219
dhfe,7219
agdg,7220
ibdj,7220
bjjb,7221
aife,7222
gaig,7223
jgec,7223
diej,7224
fjff,7225
dbeh,7226
cade,7228
gbfh,7228
iiid,7229
agjc,7232
cbcf,7232
gcga,7232
aefc,7233
hjfh,7235
bbie,7237
adid,7238
ggia,7239
ehjj,7241
faef,7241
dijb,7242
jcgi,7248
efgh,7250
idic,7254
jacd,7255
ihdh,7256
cefc,7258
icaj,7260
fibe,7261
jdcf,7263
ehhd,758
gjfh,758
cfia,759
cchb,760
eiae,762
fhda,762
haba,762
hjdi,763
ibcj,763
fecf,764
dagh,7265
fjfi,7266
gadj,7266
dgcf,7267
hadb,7268
ebag,7272
ccjh,7274
fieh,7274
cgfb,7275
bbif,7281
edgc,7281
ihhc,7282
agje,7284
dcji,7286
bbdb,7287
cdae,7287
chce,7288
jebd,7288
ijdi,7291
bfac,7292
ecga,7293
jabh,7293
cbhd,7294
eacd,7295
dgig,7297
hibh,7297
aecd,7298
ddic,7300
gfgd,7302
ggca,7303
gfaf,7304
heib,7304
jbch,7304
bfhg,7307
jjdj,7308
higd,7309
eihf,7310
heeb,7310
fiah,7311
ieda,7312
jeib,7312
diij,7313
jiif,7313
eejj,7314
ibad,7314
cjii,7315
degh,7316
hhdb,7316
cgjh,7317
efee,7317
hfij,7317
gacb,7318
hcgi,7318
bgec,7319
gghg,7319
diai,7320
bhig,7322
cihd,7322
bbbh,7323
dfef,7323
gija,7323
affj,7325
bjhb,7327
hdcd,7327
eafg,7329
cjfh,7330
aief,7332
cace,7332
jgfe,7334
jjee,7334
agea,7337
dbfh,7337
dafc,7342
bgad,7343
cdab,7344
fgab,7345
jdaj,7348
dfdb,7350
deid,7351
iabh,7351
baig,7354
haia,7354
aidj,7355
afed,7356
fcee,7356
acdj,7358
ebbf,7358
jhja,7358
cbai,7360
biib,7361
gdcd,7361
ifaa,7361
ffcj,7362
ibbe,7364
ggcj,7365
gjhj,7365
ejch,7366
dhjb,7367
aihj,7368
ddba,7368
afde,767
gfje,767
jfib,768
bjbd,769
feeh,769
hgae,770
ibbd,770
iidb,770
adbd,771
dbii,771
ffji,7368
bieh,7369
ibhi,7369
idga,7369
ifai,7370
bheg,7373
jcgj,7374
hgdg,7375
eegc,7378
acci,7380
hffd,7380
agec,7381
cece,7381
degd,7381
ggdg,7381
gfed,7382
hagh,7382
ccii,7386
ehjh,7386
ejhh,7388
aedh,7389
cfai,7389
gggb,7390
ciai,7392
dabc,7392
gcca,7392
hgfc,7393
affb,7394
caej,7394
gjbh,7394
gedb,7395
igfa,7395
jjbh,7396
bifa,7397
dadi,7399
gcfg,7399
ijgg,7401
adfi,7403
ijah,7403
aaab,7404
cdhb,7404
egdi,7404
eibg,7404
acaa,7405
cgce,7406
jjce,7408
gaff,7409
dfje,7411
gcbc,7411
fhjg,7413
geeb,7413
hcgg,7415
jcjb,7415
eabf,7419
ccjb,7420
dbja,7422
ebda,7422
ebdd,7423
edii,7425
ggje,7426
ceac,7427
ggie,7428
hcih,7428
bfgi,7429
cehc,7432
hdih,7432
hfcg,7432
hhhe,7432
iccj,7433
iadc,7434
iebb,7434
efjc,7438
jccj,7438
jeej,7438
jhjh,7438
hhce,7439
ehjf,7444
bfgf,7447
hdjf,7447
edjb,7448
igbc,7450
bjcj,7453
edbg,7455
iegf,7457
ifbh,7457
jcdf,7458
eedi,7459
fgga,7459
hfbd,7461
ijai,7461
dfbd,7462
ieaa,7462
hice,7463
gidf,7464
cbfg,7465
abgf,7466
iagf,7467
bejd,7469
geha,7470
hfhc,7470
gbjf,771
iajh,772
aiba,773
cbbh,774
ebfe,774
iefc,775
afib,776
bhgb,776
hhab,776
dafb,779
hjbd,7471
iiah,7471
ijic,7471
gjfg,7472
hcgh,7473
cjfe,7474
dejj,7474
bbeg,7480
dihg,7480
gajj,7480
fghb,7481
gcic,7482
iage,7483
bchc,7485
gaab,7486
dbea,7487
ijea,7493
ehja,7494
aeid,7495
edad,7496
geaj,7496
hfhf,7497
dcaa,7498
eahf,7500
igaj,7500
ibga,7502
bccj,7503
gafb,7504
hfdj,7504
jjfh,7504
eddd,7505
ijdc,7506
bbhb,7507
ceei,7510
gfbh,7511
eghf,7512
jdib,7512
ijgd,7513
bbee,7514
hgdb,7514
adei,7515
dfjc,7515
agdj,7516
ccea,7516
gige,7517
jjii,7517
cgdb,7518
gfce,7520
ffhe,7522
hcgj,7522
fbbh,7525
ific,7528
bcda,7531
bgfb,7531
hbga,7531
bfah,7533
hbag,7534
bgcd,7536
giii,7536
jgch,7537
eijd,7540
ifje,7540
gagh,7543
bihh,7544
gdhf,7544
bhec,7545
edfc,7548
aaig,7549
gajc,7549
hfcf,7549
hded,7550
fghf,7551
jchj,7551
jaab,7552
gahf,7553
hihd,7553
ebeh,7554
bdcc,7556
gajg,7556
igba,7556
gdgb,7557
gjee,7558
ghce,7559
jhhc,7559
hfcj,7562
bjef,7563
ibfc,7563
jabe,7565
jead,7565
bhcg,7566
baib,7567
bdij,7568
biff,7568
jahf,7568
bbia,7569
digg,7569
ggdb,7572
ijib,7572
hjaf,7573
bcif,7574
gdda,779
jeeg,779
jjdc,779
dbhb,782
gjdb,782
jefe,782
gfdj,783
fiha,785
jfgi,788
dggc,789
cedi,7574
efcf,7574
acid,7575
bgge,7575
eghe,7575
jbjh,7575
dich,7576
gifj,7576
ahej,7578
ghfh,7578
bdha,7579
gieb,7579
ihce,7582
jefc,7582
iacb,7586
fafh,7587
eccd,7588
jbdd,7588
caag,7589
gdhc,7589
hbid,7589
jfjc,7589
jbhe,7591
ajaf,7592
cfgd,7592
eifj,7592
dhjg,7595
jagg,7596
fjca,7597
dbcj,7598
hdfa,7600
hdga,7600
aijf,7601
dhdc,7601
bhhb,7602
ibij,7602
fejd,7603
hibf,7604
ibji,7605
ijid,7605
fdeb,7606
gbeg,7606
gdea,7606
echf,7609
gcje,7609
gjdc,7609
hfjb,7610
jgga,7612
faee,7613
hhch,7618
aega,7619
idcg,7621
dffj,7622
fiji,7622
cbjf,7623
jejj,7625
ijci,7629
iajd,7631
fagj,7633
icjg,7633
eagd,7634
fbih,7634
ghab,7634
cfec,7637
egai,7638
efij,7641
ebdg,7642
bahe,7644
ffdg,7644
ejfj,7645
ggif,7646
jhid,7648
fgib,7649
hjja,7649
fdcd,7650
affd,7651
bhcj,7652
jiii,7652
figf,7653
ebhb,7654
acbc,7655
gfcf,7655
jijd,7657
ibbh,7659
cjah,7661
agbe,7662
cgfh,7662
gfhi,7662
efdj,7663
fdha,7665
fjbj,7665
gagg,7665
aebb,7667
cegd,7667
ifdc,7669
cjej,7671
ehig,7672
cacg,7673
hbbi,7673
gcfa,7675
geig,789
jbdg,789
cehi,790
ecaa,790
cccj,791
ebdf,791
ccbb,792
iaed,793
afic,794
caad,795
hdhi,7675
eiah,7676
fgfc,7676
efia,7678
fdhg,7680
cfii,7683
fchb,7684
gbeb,7684
jach,7685
jeaf,7685
jccg,7686
aefa,7689
bebf,7689
bjcc,7689
cigb,7689
hcig,7689
jadh,7689
jjhd,7690
dacc,7691
gfff,7691
adae,7692
fbie,7692
ddbd,7693
aged,7697
acah,7700
ighb,7700
bcdb,7701
cjdg,7702
bcaa,7703
bdfa,7703
cgaa,7703
gijd,7704
chaa,7705
dadg,7705
cjga,7709
dfee,7709
gdie,7709
ihjg,7709
febh,7710
acce,7711
ieba,7711
aaic,7712
haei,7713
bejg,7714
dgaf,7715
iegd,7715
chfc,7716
cagg,7717
gdhg,7719
cdjc,7720
agih,7721
bddj,7721
hadh,7721
chbb,7724
dbaf,7724
jihf,7724
accc,7726
eeeg,7727
ecbc,7732
hhba,7732
cabi,7733
hdjg,7733
jfga,7734
daaj,7736
bbhh,7737
cgeb,7737
jjge,7737
fifa,7738
jgfh,7739
ehdh,7740
hhjf,7740
hhah,7741
dgdi,7742
dgai,7743
ebhj,7744
fbde,7746
gefa,7746
aahb,7747
egbc,7747
hcci,7747
dihb,7750
hhie,7750
bjjf,7751
adie,7753
afdd,7753
gddd,7753
hdca,7753
bfjg,7754
bggh,7755
cbcb,7755
jchg,7757
fbae,7760
bjbh,7762
dcbe,7764
fihd,7765
jhff,7765
gade,7766
gahj,7766
dcbi,7767
fbdg,7767
bhid,796
jgfi,796
efhe,798
edac,800
agfa,802
dabe,802
hhii,802
bbgh,803
jiff,803
icef,804
ibca,7767
afab,7768
cjgd,7768
hhee,7768
ieed,7772
fahb,7775
hibi,7776
gged,7777
iadg,7777
jbfj,7777
bcdd,7779
egca,7779
iefd,7779
cfei,7782
bebc,7783
dcdc,7784
bjge,7785
fddd,7785
abad,7786
gcgd,7787
dcja,7788
caef,7791
gaga,7792
cbab,7793
eied,7795
afid,7797
aabi,7798
heih,7799
jfef,7799
hfda,7800
aijj,7802
adjg,7803
ghia,7807
cebd,7808
edcg,7809
ghfi,7810
efei,7813
egea,7813
fafi,7814
jega,7814
jgcc,7815
bfbj,7817
efig,7817
bgif,7818
ajic,7819
cdba,7820
chab,7820
gghe,7821
acjd,7822
fdfg,7822
cahh,7824
afja,7827
ffic,7828
jcic,7828
gdca,7829
jide,7829
aeji,7831
efdd,7831
hfha,7831
fjge,7832
ihhi,7834
acad,7835
fjjb,7835
ddhg,7837
jdbg,7837
jgbb,7838
hheb,7839
dhag,7840
aghd,7841
bcbj,7842
ffca,7843
edbf,7846
bgdd,7847
ecab,7847
fbic,7847
gihh,7847
hjii,7847
ejjf,7848
gdgd,7848
hehf,7848
ahae,7849
eggi,7849
baei,7851
jfia,7851
bbjh,7852
jjcf,7852
fgba,7857
efac,7858
gbgi,7858
hiab,7858
gdai,7859
ifdj,7859
deca,7860
ecbf,7860
edce,7863
fbif,7863
gaai,7864
jfab,7864
agch,7865
aeja,7866
cdib,806
fche,806
ceee,808
dhib,808
gaae,808
gefi,809
figh,810
igjd,810
jafd,810
bdfj,811
jgce,7867
fbib,7868
ihgg,7869
bjad,7870
hfad,7870
bbid,7873
jhad,7873
cfif,7874
iafg,7875
cbjb,7876
ggbj,7877
gjch,7877
gjci,7877
djba,7882
jgdf,7883
fhfc,7884
edee,7885
fhcd,7885
eigh,7886
bdhi,7887
eada,7887
djfj,7888
dcab,7889
jbah,7889
ibdg,7890
bhha,7891
ihge,7891
eidd,7892
gaia,7895
jiae,7897
dajd,7898
gheg,7898
hfje,7898
ccgj,7901
gbef,7903
ajbf,7906
ieag,7906
jhcb,7906
ffej,7908
hfic,7909
jecj,7909
dede,7910
hcja,7910
ecfg,7911
fcid,7912
dfid,7913
ghaf,7913
bahf,7914
ddge,7914
fggf,7914
icdc,7914
fegi,7915
fiab,7915
hjac,7915
bddd,7917
eibh,7917
feed,7918
agda,7919
beja,7922
dghd,7924
jgha,7924
hfai,7925
bcfb,7926
dgid,7926
cfeb,7927
chcd,7927
ichb,7927
adhb,7928
fhdh,7928
jdfa,7928
ahdf,7929
bcbd,7930
fjbh,7931
ifda,7931
hcde,7932
fecg,7933
ahdd,7935
febi,7935
feff,7936
aidf,7937
chbd,7937
cigf,7937
deii,7937
hebd,7937
idbb,7937
jbeg,7937
adij,7938
cffi,7941
aajc,7943
dhbb,7943
iige,7945
hiad,7946
adjh,7948
fbaj,7950
gdhi,7950
geij,7950
eihi,7951
hijh,7952
agfe,7954
jgag,7954
hbgd,811
iabe,811
didg,813
bfbg,814
gdei,814
gijj,814
idgc,814
dedf,817
fgcf,817
ebgi,820
jbja,7956
gigi,7959
hgch,7959
ibch,7966
faca,7967
cjih,7969
hgaa,7969
fedb,7970
hajc,7970
begj,7971
ggfj,7972
gacg,7975
egfg,7977
gdcg,7977
hbah,7977
iacd,7978
cidb,7983
dggi,7985
jddf,7985
baid,7988
edbh,7988
egjd,7988
jhdj,7988
ajhg,7989
fbad,7989
bjdi,7990
ddjd,7994
fjcd,7994
ejaa,7995
jehb,7995
jgda,7995
fdca,7996
aehi,7997
ibdi,7997
ijia,7998
ejee,7999
idjb,8000
jhji,8000
jabc,8003
cbcg,8004
edcd,8004
faba,8005
gfig,8007
ifba,8007
egcj,8008
iejb,8009
ffdd,8010
ieha,8010
ggfe,8011
jbag,8014
jahc,8015
aied,8016
dige,8016
eedb,8016
cjaj,8017
eiid,8017
geae,8021
ehgb,8022
gebj,8023
bjgi,8026
eijf,8026
edfa,8027
faje,8027
cfib,8028
bajd,8029
gcce,8029
jahh,8031
effh,8032
icii,8034
jcba,8035
dghg,8037
fihh,8037
faad,8038
edjf,8039
fijh,8039
acha,8040
icch,8040
efai,8041
idab,8041
cdfb,8042
jfag,8042
fidg,8044
jheh,8044
icdd,8045
cijf,8047
dhea,8050
daje,8051
gida,8054
affh,8055
ajjf,8056
ecgf,8056
iaib,8056
fdcg,8057
jich,8057
beij,8058
ihdg,8059
geaa,8061
abdd,8064
jdid,8064
ccff,8065
jiaf,72
ddgg,75
ffdi,75
eeag,76
cbbd,78
deje,79
ahdc,80
bigb,81
cadb,81
efgi,84
ijgc,823
gigb,824
fcji,825
hhhh,825
fedc,828
aibj,830
bcfi,830
feij,831
abee,835
fcii,836
ghbb,8065
igii,8065
agdc,8067
debc,8069
iech,8069
fhgh,8071
bjja,8075
dfgg,8077
jegi,8078
cfcg,8079
fdid,8082
hicj,8085
iggi,8085
dhac,8086
hbfg,8086
ccgg,8087
fhdg,8087
bdai,8090
fjib,8090
cdde,8092
febg,8092
bibc,8093
aijg,8094
bgia,8096
bgfd,8100
cahj,8100
fabj,8100
aaij,8103
cjhi,8103
cdbi,8104
hjdf,8105
jedh,8105
jjhe,8105
dheh,8106
gcbf,8106
fiaa,8110
fjjj,8111
hcfe,8112
egee,8113
befc,8114
ecah,8115
fggj,8115
hbdj,8116
diei,8117
ihic,8119
jgeh,8119
jjje,8119
jaea,8120
fidf,8121
eafh,8123
jbge,8123
ifcf,8124
jjcc,8124
bahj,8125
cghc,8125
bjga,8126
idib,8126
fdhe,8128
dhad,8129
feib,8130
ijbc,8131
jcgf,8133
didj,8134
eejh,8134
fgjh,8135
dhbg,8136
ebec,8136
edbb,8136
fcbb,8136
ehgh,8137
bgbg,8138
bbgd,8139
beea,8139
chha,8139
eiac,8139
djdg,8140
bfhj,8141
dhaf,8141
dedd,8142
icgj,8144
jaei,8145
egae,8147
iifi,8148
acbg,8152
deie,8154
dggb,8154
ejjc,8154
fehi,8155
bfii,8158
defe,8158
edhc,8159
jeia,8159
cfaf,8160
fjeb,8160
fdje,8161
ihff,8161
ddbe,8162
cahe,8163
cajc,8163
eiga,8164
jhcf,836
jabd,837
jbjf,839
egjh,840
cabh,841
bjie,845
hhcf,845
jdgd,845
ccif,846
ehhj,847
dgih,8166
hcha,8167
iahe,8168
jbfb,8169
adia,8170
fcgb,8171
gabe,8171
hcdb,8171
fjjd,8172
cjcc,8173
ebge,8173
fabe,8173
ajhc,8175
gibh,8175
ihaa,8177
gadc,8180
cgbe,8182
fajg,8183
iicf,8184
ahjg,8185
ebdc,8185
jhdi,8186
chjj,8188
ijbg,8189
ebig,8190
deag,8191
dfic,8193
ejih,8193
gejf,8193
ciba,8194
hifi,8195
chfe,8196
cbcd,8198
bhjh,8199
chfi,8203
eibf,8204
bgfg,8210
eaif,8210
fahe,8211
ijdd,8211
bjhj,8212
djjd,8212
dibb,8213
ahbb,8215
daff,8215
iaji,8215
aifa,8216
ibgi,8217
ajce,8218
cjcb,8218
hjjc,8218
dbgd,8222
bahd,8223
cifd,8223
ahdb,8225
cdge,8226
gefe,8228
fehd,8229
dafa,8231
gigd,8231
jajd,8233
ifga,8234
ccae,8235
jddc,8235
gdfc,8237
dica,8239
hjai,8239
ifcj,8239
cehf,8240
fdbe,8240
jdca,8240
dheb,8243
bhfd,8244
hjje,8245
hcca,8246
bjgd,8248
gjaj,8249
eieb,8250
gjic,8250
iaaj,8250
jiih,8253
ahha,8254
afeb,8255
eigi,8257
dgcd,8259
gfhd,8259
hici,8261
djbg,8262
fefj,8262
acba,8263
jeha,8263
hidj,8266
hgbj,8268
gjba,8271
dfej,8272
ajei,8273
giai,8273
cdeh,8274
fcig,8274
jceh,8274
jiea,847
iddd,848
hbgf,849
jbbh,849
ebei,850
jfcb,850
hhgh,851
baaa,852
cgbb,852
aibh,854
dehj,8275
efhj,8275
ggcb,8276
ejfe,8279
jjdf,8282
hbdf,8283
heic,8283
jjfi,8283
bcdg,8284
dgag,8286
hbib,8286
geeg,8287
icca,8288
dhca,8289
cccg,8292
jehj,8292
deji,8293
gacc,8293
acfj,8296
edea,8298
dfia,8300
fjic,8300
hbbe,8301
ibjf,8301
febe,8303
dceb,8304
cjag,8305
ffhi,8305
edge,8306
jhgj,8306
diic,8307
gffd,8307
jjha,8308
aajf,8309
chgg,8310
fhec,8310
hgjh,8310
jdhf,8310
fddi,8312
jhfh,8312
bcdc,8314
iafb,8314
adjf,8315
giad,8317
hfeh,8317
ddfe,8318
accg,8322
ebcb,8324
hede,8327
dcgb,8328
fgie,8328
idea,8329
djfd,8332
jchf,8333
efhb,8334
ecja,8337
afbc,8338
defg,8339
hfaj,8339
jgbc,8340
cdhh,8341
cjgf,8342
gedf,8343
ibfa,8344
ehih,8345
jbhi,8345
cafd,8346
dhdg,8346
ghcf,8347
jjij,8348
bejc,8350
cfda,8350
ihci,8350
ggai,8352
dicd,8353
fhah,8354
fehc,8356
dfji,8360
bcgb,8362
ebbg,8362
bage,8363
bdaa,8364
bhee,8366
geai,8366
cahb,8367
ffch,8367
hbdb,8370
gceb,8371
jcbb,8371
bhje,8372
cecf,8372
djcf,8372
fbce,8372
afhg,8374
ccbg,8374
djii,8375
hjag,8376
ahac,8377
cdgc,8378
heaj,8380
fgbc,855
chdj,857
eecd,858
jifa,861
hfgb,862
ihbc,862
cdec,863
hjej,863
chfj,864
efhf,864
cgdi,8382
ghhg,8382
egdj,8384
bbha,8385
djga,8385
acja,8387
fgja,8388
hedd,8388
fjbb,8389
fjgi,8389
bajj,8390
gdef,8390
bbbg,8391
aaha,8393
abha,8393
geje,8395
cacc,8396
ehbf,8396
fbdd,8396
jice,8396
bbhi,8397
ibfi,8397
idei,8397
gaeh,8401
jefg,8402
igbb,8403
igcg,8403
bgjc,8404
gagc,8405
ghfd,8405
jahi,8406
acgf,8408
iedj,8409
dfdd,8410
fdii,8410
haeg,8412
aaag,8413
jjjf,8414
fabg,8415
jfhd,8416
gehe,8419
ejad,8420
jieh,8420
ehia,8421
jfgc,8422
jjff,8423
acjb,8424
fjid,8426
afie,8427
ahhi,8427
gedg,8427
fbed,8429
aeif,8430
bgbh,8430
gbch,8432
aghb,8433
eeah,8433
fgaf,8433
hafc,8435
fidb,8437
icci,8437
achj,8439
cchf,8439
bgcj,8440
fafb,8440
geej,8440
fdbc,8441
jigf,8442
cbha,8443
eddj,8443
hfhh,8444
jjjh,8444
ccbi,8445
jfed,8445
bdca,8447
fagg,8447
ajid,8449
ibhg,8450
bgbb,8451
cded,8451
djae,8451
hchi,8451
ggef,8452
fjcg,8454
dege,8455
igcj,8455
dihe,8456
feab,8456
hffb,8456
aibg,8458
fdgh,8458
ffda,8459
ihba,8459
afjg,8460
dbbb,8460
edih,8460
igad,8460
cjff,8461
fiib,8463
iaff,8463
hcee,864
hjbh,867
abjb,868
bfdj,868
chcb,870
idfj,870
dfaf,871
jgjc,871
jiha,871
dace,872
bhaf,8466
cifj,8466
ejgd,8467
jbda,8467
edib,8468
fbjj,8468
aaba,8471
aded,8474
ghie,8474
cbib,8476
jbjb,8476
bdhc,8477
iaic,8477
dggg,8478
bhhe,8479
dddf,8483
fjih,8483
jdgf,8483
dbhf,8484
ecgd,8484
gchh,8487
iiba,8487
dgga,8488
gehc,8488
bfcd,8491
dibg,8491
ebic,8492
cjec,8493
dcdj,8494
hdbe,8494
iijj,8496
dhga,8498
gfgf,8500
iejh,8500
bbce,8501
cjge,8501
jjfd,8501
egce,8502
dbed,8504
eadf,8507
geid,8507
aefe,8508
diea,8508
iefh,8508
cjch,8509
cafe,8510
hfah,8510
hegh,8511
hjgb,8512
dfgj,8513
iiae,8513
gdfj,8514
fbjf,8516
cidf,8517
bjbj,8519
gcfi,8519
dcae,8520
ggaa,8520
bhjf,8521
biha,8522
ijej,8522
cbgh,8523
eiba,8523
fbhe,8523
jceb,8523
fajb,8525
hfdf,8525
ijjc,8525
fjja,8526
jghg,8526
gech,8527
bbch,8528
fbbg,8529
bffa,8531
eghd,8534
ajeb,8536
gjge,8538
fgdb,8539
jggh,8539
dajc,8540
idac,8540
bghg,8542
cafi,8543
bagg,8546
fjhi,8547
ehid,8549
ahbe,8552
gjbd,8553
hfgj,8553
iche,8554
gjac,8555
jjeg,8555
eeae,8556
dgee,8557
fhhd,8557
jjga,8559
ceha,8560
fcac,8562
fgfj,8562
badf,8563
jdec,872
fdib,873
gbce,875
ehdj,876
bhed,877
dhah,877
gcei,879
cajd,882
fjah,882
hdeg,882
dcbb,8563
ifbb,8563
cafg,8564
dhab,8564
afcc,8565
feci,8566
icga,8566
acch,8567
eiaf,8567
iiab,8569
ehbd,8570
aafd,8571
gfhc,8575
hbii,8576
debg,8577
ecif,8577
bfai,8579
hajd,8579
eicj,8581
bfif,8582
bhjd,8582
chec,8582
agdd,8585
eidc,8585
djhc,8586
cjfg,8587
bfgh,8588
cafb,8588
cbhj,8589
cfhf,8590
iaje,8590
aihi,8592
bbfg,8592
dbcc,8595
hgdh,8595
fhif,8596
hjci,8597
fdgb,8598
cbfc,8600
ddee,8601
ebfa,8602
hhic,8602
iihh,8603
hjab,8605
cfbe,8606
facj,8607
hfch,8608
ddhb,8609
egah,8609
jicg,8610
digb,8611
fead,8611
jeab,8611
haej,8614
ejjh,8616
ifgg,8616
bidb,8617
ifed,8622
cbfh,8624
iaih,8624
egej,8625
fcdc,8625
bbhc,8626
dhej,8628
bbgf,8629
igib,8629
ccbj,8630
eefb,8630
iija,8631
idgd,8632
edai,8633
agaf,8634
eibd,8634
hfbj,8634
fdga,8635
dfcb,8636
gcgc,8636
chae,8638
fjjh,8638
bgae,8639
ghcb,8639
ccee,8640
dbef,8641
dgab,8642
gdfb,8644
bdeg,8645
deci,8649
fcib,8649
jgie,8649
eggg,8651
jhaa,8652
cihf,8653
gfcg,8653
hcgc,8653
effa,8655
jbec,8655
gdjj,8656
baba,8657
bebi,8657
gheb,8658
jeij,882
edfb,883
hahf,886
aihb,887
hgef,888
ffhj,890
iagj,890
jbcg,891
jhgf,891
cihb,892
ceef,8659
ccie,8660
chij,8660
jbdb,8660
ghid,8663
gfie,8664
hgff,8664
cegh,8665
hbba,8665
feja,8667
cdha,8668
gjce,8669
figj,8671
afei,8674
beae,8674
bjbe,8674
bgij,8677
ebed,8677
gccd,8678
jhdg,8678
chia,8679
daid,8680
gajd,8681
cddc,8682
bjch,8683
ijfh,8684
iacj,8685
ddef,8687
gici,8687
bgai,8688
gihc,8688
ajac,8689
jbcb,8690
gjda,8691
fjhg,8692
dghb,8693
eaia,8693
fdie,8694
gbgd,8698
dceh,8699
aifj,8700
chje,8702
haja,8702
ghgg,8703
hiid,8703
ddah,8704
jdba,8706
bhea,8707
gjfa,8708
cbie,8709
iedf,8709
bacd,8711
idgh,8712
aehj,8713
jdig,8713
dead,8715
aaff,8718
afca,8720
gbii,8720
jegb,8721
fccg,8723
fhia,8723
dahj,8725
gjef,8725
adif,8726
ghhd,8726
giif,8726
ijhb,8726
fhcb,8728
egeg,8729
eagc,8730
jaca,8730
bgea,8731
ccaj,8732
ejfi,8732
cdic,8733
ebba,8733
gjjf,8733
adbh,8734
abci,8735
igcb,8735
gdab,8736
hfbi,8736
jcjf,8736
bbbd,8738
bgjh,8739
hahh,8739
fjbg,8746
biaf,8748
cdaf,8748
chfd,8749
haea,8749
hdgi,8749
iaab,8749
iiif,8749
hgfj,8750
ajfc,8752
cadf,8752
behj,8753
cgjj,8754
dhia,892
ffif,893
jcie,893
fdab,894
ecgg,897
cfdb,898
dicf,898
ehhb,898
bibi,899
beah,901
gdaj,8754
acfe,8755
iidd,8755
hbih,8756
idgg,8757
dbji,8758
fbdc,8758
bheh,8759
cgdh,8760
dfhc,8760
fegj,8762
figd,8765
cddi,8767
dibe,8767
ieih,8767
cbbi,8769
dgfi,8769
ffhd,8769
jhjd,8769
cfhi,8771
aeei,8774
caeh,8774
chdb,8774
ebdb,8774
cdbe,8777
hbbd,8777
gcef,8778
fgid,8779
jfhj,8779
dabb,8780
hgej,8780
adef,8781
feji,8781
gcbe,8781
ghjb,8781
jfdb,8781
djhj,8782
icbd,8782
jbfc,8784
hedb,8785
djej,8786
jjie,8786
agbf,8787
fahf,8790
fdaa,8791
gabi,8791
jggb,8791
ddag,8792
eheb,8792
ffec,8792
fhag,8792
hahb,8793
cfie,8795
ebff,8795
egdf,8795
jbga,8795
eggf,8797
hdhh,8797
ffgg,8798
gdij,8798
caae,8799
fchd,8799
jjaf,8799
eche,8800
dfca,8803
fhhb,8803
bbff,8805
hbai,8805
dhhc,8806
fabc,8806
gihj,8806
aafc,8807
aacg,8809
iifd,8809
jfje,8809
gdbb,8810
gifh,8810
gcaj,8812
iiga,8813
hajf,8815
chjc,8816
eigf,8818
ggfh,8819
cjef,8820
aeih,8822
ddda,8822
ejgf,8822
ajbg,8823
ebce,8823
biii,8826
dihi,8827
fbea,8827
digh,8829
aaid,8830
fjga,8831
dfah,8832
dhbi,8834
fcbd,8834
debh,8837
cgcg,8838
hajg,902
cbjd,904
eghg,908
aaie,909
igeh,910
jfjd,910
dihf,911
icah,912
fafe,913
jefb,914
ebfd,8838
idfd,8840
fbef,8842
eecb,8843
fjgf,8845
djfa,8849
cbec,8851
daij,8851
gabd,8851
jhbg,8851
ajfb,8852
cdfc,8852
jcjj,8856
jdeg,8857
eagf,8858
gafa,8859
aicf,8861
cjcf,8861
iegj,8861
idae,8862
efae,8863
gjhe,8864
ifha,8864
acjf,8865
fgfh,8866
hcij,8866
jhgb,8866
hdid,8867
bgdj,8868
dhii,8869
geji,8870
bega,8872
fhei,8872
bjdh,8873
bjeh,8873
egac,8873
hhfd,8873
ffgj,8874
hjjh,8875
adga,8877
hhib,8877
fedi,8878
jehg,8880
afhd,8881
ejbd,8881
aici,8882
bhcd,8882
achb,8883
ffee,8883
hdif,8883
ghcj,8884
gfac,8885
ibcb,8885
edfe,8887
bgih,8888
gifg,8888
bjec,8889
dije,8889
cicb,8891
gebc,8893
igde,8893
abaa,8895
bhgi,8895
cbbf,8896
jagh,8896
bbge,8897
eecg,8897
adca,8898
jfcd,8898
fjhh,8899
eiej,8900
cagb,8902
aihe,8903
aeii,8904
gjij,8904
iahg,8904
ihgi,8905
fiac,8906
gfgi,8907
bdae,8909
acjc,8910
ddja,8910
hdea,8911
jbhb,8911
jidd,8911
ddjb,8912
jbgh,8912
jjbc,8912
bceh,8913
ecih,8913
ahgj,8914
hejf,8914
abfa,8916
bigi,8916
ceci,8916
fcbf,8916
igab,8916
dgbj,8917
gcah,8917
bbjf,8919
acfg,916
ehbj,916
hagg,919
ghcc,920
bccc,924
gdch,924
chgh,929
hdad,929
cjba,930
hchg,930
fhfa,8920
ggfg,8920
aifc,8921
gbeh,8922
gdii,8925
ddhi,8927
ehij,8927
hbef,8929
cbbb,8931
edij,8931
jfgj,8931
hefd,8932
fjai,8933
aiaa,8934
dfab,8937
hegj,8939
ache,8940
dded,8942
aigf,8943
dadh,8943
gedh,8943
dcgd,8945
fadf,8945
babf,8946
cghg,8948
bigj,8949
jjfe,8949
ddci,8950
efbe,8950
eehh,8955
ggfc,8955
ecib,8956
hijj,8957
bdic,8958
eeef,8958
ebji,8961
ecca,8967
fcde,8967
hecb,8967
hhff,8967
ihdd,8967
ccag,8969
ffid,8970
cahd,8972
acde,8973
dedc,8973
eehf,8973
gafi,8973
bedb,8974
ciab,8974
jefa,8977
bggc,8979
aafb,8980
dafj,8980
fajd,8980
hbjf,8980
jhdf,8980
jdfb,8981
iecd,8983
caja,8985
dcib,8985
efib,8985
iaej,8986
ijja,8986
ejfh,8988
ffdh,8989
gadf,8989
fdfe,8992
ehce,8994
bbfh,8996
cbcj,8996
gfec,8997
ehad,8998
hbbc,8999
aedj,9000
dfac,9000
cgdg,9001
fjhb,9002
ggjb,9002
gcba,9003
gbia,9004
adba,9005
gffj,9005
haca,9006
ffga,9008
fhib,9008
ecic,9009
hege,9009
iehc,9009
ccca,9011
cfge,9011
fbba,9011
habd,9012
iagb,9012
hcdd,9013
bebe,9014
iffd,9014
gbfc,9016
jbgi,9017
ajde,9018
cidd,85
eifb,85
bgji,86
gbhj,86
fafg,88
giee,89
ghac,92
dbde,93
fbhb,93
fchg,93
affc,932
hhgd,933
iibi,933
cefe,934
gjia,935
jbha,935
ajah,939
jfhh,939
ccec,940
fhhf,940
cabc,9019
ecaf,9019
gbhg,9021
cdbc,9022
hhdc,9022
ddij,9023
dhbd,9023
gifc,9024
gdci,9025
eedf,9026
baad,9028
hccf,9030
bdcd,9031
eaac,9031
hedh,9033
cfdf,9035
ebeb,9039
jgfc,9039
ehec,9040
jhjc,9042
ghec,9044
icig,9045
gfdi,9049
iaeg,9049
dacb,9050
ffhb,9050
gdgi,9050
egdh,9052
ggci,9052
jeeb,9052
defa,9053
gcai,9053
igce,9055
gcdh,9056
jcfj,9057
ccfg,9058
icbb,9059
gidi,9061
jifg,9064
aaad,9065
ajcb,9067
adfc,9068
efcg,9069
efie,9069
aaeb,9070
fbha,9070
jhhb,9070
jbbj,9073
ceba,9074
dffb,9074
ghgc,9074
hhcd,9074
ihfe,9075
cfbj,9077
ebci,9078
ighj,9079
hefi,9080
icbj,9080
ijhg,9081
dccf,9083
jjgc,9083
affa,9086
efaf,9086
ieae,9086
biig,9088
hfdh,9088
jgba,9088
hejb,9090
cgid,9091
efca,9092
ihaf,9092
cfhc,9094
ejhf,9094
hbgg,9094
gdcb,9095
bcbf,9098
gebg,9098
acgg,9099
ajje,9099
iccb,9099
jbbe,9100
ghbg,9101
gcfh,9103
ibec,9105
ghad,9106
jbde,9106
chcj,9108
dafg,9111
ecbj,9111
dgif,9113
hbaj,9114
eaaf,9115
dbbd,9116
ggfa,9117
bied,9118
cegf,9118
dfhj,9119
abdi,9120
iajc,9120
bbgc,9121
ccab,941
ahaj,944
gcfd,945
hajj,945
eace,946
ighh,947
gcia,951
ichf,951
biai,953
jijb,953
diji,9121
jidc,9121
dcje,9123
ehff,9123
gbcf,9123
dcag,9124
cagf,9125
hgcg,9126
jcjc,9128
jcbe,9130
echb,9132
ijii,9132
daec,9133
aacc,9135
idec,9135
ajbi,9136
edic,9136
fgeh,9138
fccj,9139
aaei,9140
cdfh,9140
jddi,9140
jgge,9141
jccf,9142
gbjh,9143
hhhj,9143
cjje,9145
ecjc,9145
jeeh,9145
ifeb,9146
jhhj,9146
feaj,9147
fjhe,9148
jcce,9148
ehfj,9149
ddhd,9150
hgeb,9150
hhgi,9150
bjgf,9153
idbh,9153
jffb,9153
gjhf,9155
hhci,9155
ffjj,9156
idci,9159
cdgd,9160
dcdg,9160
icie,9160
iejj,9160
jigb,9161
faaf,9163
afch,9164
cgib,9164
gibf,9164
aiid,9165
jdif,9165
aehh,9167
diig,9168
jeig,9172
gbai,9174
dgej,9175
ajgd,9176
bjee,9180
afbh,9181
bhfb,9182
ccdg,9184
djih,9185
ccje,9187
abhd,9188
eajb,9188
bacc,9190
bdba,9190
efbj,9190
iigb,9190
ebee,9191
hajb,9191
igda,9191
jhea,9191
hejj,9192
efah,9193
jhee,9193
iide,9194
ddgb,9195
fbdi,9196
eaih,9197
fchh,9197
abej,9198
iada,9198
aehb,9199
dbid,9200
fagf,9202
hacd,9202
jjaj,9202
bbba,9204
hgfg,9204
aiga,9205
bcdh,9205
gdde,9205
ahjb,9206
jeic,9206
fcjg,955
chde,957
iaha,957
geef,958
fgfa,959
edgg,960
hhig,961
gjcb,965
bdei,966
jhje,966
efag,9207
fddj,9207
hcae,9207
egga,9208
fdhc,9208
gdbi,9210
jiei,9210
ecef,9211
acei,9213
gafc,9214
gheh,9214
cedg,9215
eahj,9219
djgd,9220
fcgc,9221
jghc,9221
aice,9225
eeeh,9225
hdaf,9227
cehh,9229
aghg,9236
dchh,9236
ceid,9237
ggaj,9237
jggj,9237
ficf,9238
ijih,9238
dbca,9239
eajj,9242
jeed,9242
hddb,9243
idef,9243
agfc,9244
baii,9244
icic,9244
fijj,9245
hbdd,9245
gahe,9246
ifdd,9246
aaae,9247
ffdf,9248
degi,9250
gegc,9250
ahgb,9254
edgd,9255
gcda,9255
aaeg,9257
jbbf,9257
gfcc,9260
jidi,9260
cadj,9265
ebif,9266
babj,9267
gggf,9267
cabe,9268
ejfa,9268
biih,9269
fjij,9269
bhch,9270
dbhg,9272
ehhi,9272
fghh,9272
ibbi,9272
ajha,9273
befi,9273
cibh,9276
accf,9283
cfgi,9283
efbb,9283
fddb,9283
ffge,9284
heij,9284
dbhe,9286
djdf,9286
fjda,9286
hgja,9287
jadc,9287
ifaj,9288
jjei,9288
hgag,9289
agbi,9290
fgjb,9290
achf,9292
ejba,9293
ajjd,9294
eifc,9295
bgfa,9296
hcjf,9296
jfbg,9296
jagj,9298
bded,9299
hdjd,9300
igij,9300
bjea,9301
ibgh,9304
hgde,9306
iaaf,9306
ibeh,9306
iiih,9306
bigf,9307
adbe,971
dbfb,972
ghcd,975
dhgf,977
cfid,978
dhff,978
eefd,978
gfih,978
ghdj,979
bdga,980
abgj,9308
jdfj,9308
aehd,9309
aibf,9309
behe,9309
bfcf,9309
hbdg,9311
cgeh,9316
hgca,9317
jebc,9324
didc,9328
ided,9328
gdhd,9329
ijee,9330
jfdc,9330
ghgd,9332
acbi,9333
dcai,9334
geci,9334
fibf,9335
ageh,9336
dbab,9336
feeg,9337
dcha,9338
adih,9342
hbjd,9344
abgc,9345
bdbf,9345
iadj,9345
eidf,9347
iggd,9347
abie,9349
gcfj,9349
igfj,9349
cgba,9355
igcd,9357
jjjd,9357
hiba,9358
aiha,9359
hhdj,9359
fijg,9360
gijf,9360
acec,9361
hbff,9362
jbfi,9363
baff,9365
igjh,9365
bcga,9367
ghag,9367
cfbb,9368
gbdg,9368
diif,9369
affg,9371
dgff,9371
hdfc,9371
gdaf,9372
ggff,9372
gfch,9375
bcce,9376
defb,9376
gaih,9376
afcb,9377
igfi,9377
ffef,9378
hfac,9380
jjec,9382
chcc,9383
eigc,9383
dgda,9384
hjaa,9384
fbcc,9386
igje,9387
cidj,9388
afbe,9391
ihbi,9391
eifg,9392
faig,9392
fbcb,9392
gjif,9392
ihbh,9394
jaah,9396
ehcd,9397
gede,9397
dgch,9398
eghc,9399
geih,9399
bdbc,9401
gadg,9401
fbai,9403
feaa,9403
ejeh,9404
bebd,9405
didd,9405
egdb,9405
hebb,9407
dfda,9409
gfbi,9410
ahad,9411
bjib,9411
cgia,9411
hacj,980
gbfe,981
hfhd,982
cfea,983
gcaa,985
fcba,986
hccb,988
jihj,988
ejid,989
caji,991
eejg,9411
jeei,9412
bdfb,9413
diah,9413
gbga,9414
jgjh,9414
eiij,9417
gica,9417
iecf,9417
cdda,9418
digf,9418
fehh,9419
jgde,9419
hiff,9420
ecfj,9423
edid,9423
hjcb,9423
defh,9424
gcfc,9425
eegf,9426
hcia,9426
cech,9427
jcgd,9428
bcjf,9429
cehg,9429
cgfa,9429
ifab,9429
bagb,9430
dfge,9430
iidh,9431
icje,9432
fcgi,9434
eidh,9439
iagd,9439
ijbd,9440
fbfi,9444
jagf,9444
jibb,9444
cfhd,9445
eegj,9448
hidd,9448
iade,9448
dijj,9449
jbcf,9449
ahjf,9450
ceda,9450
cege,9450
ddeh,9452
gfgc,9453
ejhe,9455
fiia,9456
bgdi,9459
dhfh,9460
fehb,9460
dgdb,9461
jjcd,9461
chga,9462
jcag,9462
eece,9464
efeh,9465
jhac,9465
bffe,9466
bebh,9469
cbhf,9469
dech,9471
hfgi,9471
ihbe,9471
fejg,9472
beha,9475
ddhf,9475
gbhh,9478
afii,9479
hbgc,9479
jifd,9479
jhde,9480
bdbb,9482
bhfc,9482
hcac,9482
djcc,9483
gbge,9484
fcab,9486
igjg,9486
gcib,9487
cbde,9489
gdfg,9489
ihea,9489
aegf,9491
afef,9493
dgja,9494
eafb,9495
ebab,9495
cfee,9496
aeai,9497
egda,9497
ahdh,9498
ccad,9499
fjec,9499
aadg,9501
gdff,9501
fagd,9502
ceff,991
ihda,991
bafg,995
ccgc,995
bhif,996
idbc,998
ihag,998
jjgh,999
hcfd,1001
ecie,1002
hedg,9502
aedg,9503
bagj,9503
deij,9503
caaf,9504
daic,9504
chdi,9505
icda,9505
bbde,9507
jace,9509
gdji,9511
gfhb,9511
gcbd,9514
ibdf,9514
ihjf,9514
ijbh,9514
ffbf,9516
jdgc,9516
bagh,9517
gjcj,9517
adda,9522
igei,9524
afce,9525
hjeg,9525
cdhd,9531
dfdc,9531
gcjc,9531
baic,9533
bjfc,9533
caaa,9533
ddca,9533
fjbc,9533
eejb,9534
gfeh,9534
hbia,9534
fdec,9535
ggdc,9536
gbje,9537
aeij,9539
dghi,9540
fbgj,9540
jhjj,9540
cadg,9541
fjfa,9542
head,9542
hghf,9542
hgci,9545
geag,9546
acji,9547
jejg,9547
ifag,9548
gfjj,9549
bddf,9551
ffac,9551
eefa,9554
bgbd,9555
cafc,9555
jacc,9556
ihbj,9557
bcib,9560
fgfb,9561
dgdh,9565
hcif,9565
idff,9565
dbdg,9566
ijbj,9566
jffg,9566
fhhh,9567
ecfe,9568
fgad,9568
bihc,9569
eagh,9570
dgje,9571
hfef,9571
fcag,9574
hcjc,9574
bffh,9575
fbeh,9578
fibi,9578
hfdg,9579
gfei,9582
hjdh,9582
jjhg,9582
ajjj,9583
eaeg,9583
afjd,9584
haee,9584
jdhi,9584
jicf,9584
fgdc,9585
eiic,9588
faja,9588
cgee,9589
aeff,9590
hcef,9591
bhaj,9592
feeb,9594
fjfd,9594
ggbc,9594
bgag,9595
aaea,1005
dbhj,1005
ifgh,1005
aahe,1006
ehcb,1006
fgdh,1006
gcbg,1006
abcd,1008
eebe,1008
iggh,1010
aidd,9597
diba,9597
eeih,9597
bijf,9600
fbbc,9602
jadf,9602
aiji,9605
fjbf,9605
gbgg,9606
aefd,9607
ijfc,9607
bdfh,9608
bide,9608
jcge,9608
cbhe,9610
cfjb,9611
dbba,9612
figc,9612
iaja,9612
ahfb,9614
baeb,9615
gjcg,9616
hjfj,9616
fbcj,9617
gjja,9618
aebi,9620
affi,9621
dcca,9622
ajdj,9623
bgeg,9623
iedc,9623
ejdj,9624
iiha,9624
gchc,9625
ddhj,9626
jicb,9626
fgca,9630
bddg,9631
biia,9631
cdfa,9631
ajfi,9634
ceaf,9634
ggic,9634
gieg,9635
jcfg,9635
jdbb,9637
chgc,9638
jged,9638
ajgj,9639
hhej,9640
daae,9641
bbdh,9642
fjgc,9646
igia,9646
ajgh,9650
ffib,9651
ieic,9651
cjad,9652
baif,9653
fjei,9653
dacj,9654
fcjc,9654
cjib,9656
ghef,9656
cdgh,9657
daah,9657
jehd,9657
hihe,9658
jhfd,9660
caeg,9661
jaib,9661
jhjg,9661
bjda,9662
fiij,9665
hdda,9666
eeid,9667
eced,9668
iejg,9669
cffg,9672
gdje,9672
hecg,9673
gada,9675
eafi,9676
ijae,9677
jdjj,9677
cgfc,9680
jaad,9680
cjab,9681
deah,9681
ghha,9682
hged,9682
baab,9684
ajej,9685
jhed,9688
dagb,9689
feah,9689
jhii,9690
bjbg,9693
fdae,9693
ejge,9694
cefa,1011
dhei,1012
jjfc,1014
ebaj,1015
fhgd,1016
jaej,1016
agfg,1017
ggde,1019
hjfg,1019
ibjb,1021
hfaf,9694
dghj,9695
jeah,9695
ahfi,9696
ebaa,9696
hgjb,9696
acea,9697
cdig,9698
bigc,9699
bibd,9700
jacb,9700
hieb,9703
hjij,9705
cibc,9706
gahg,9706
bggg,9708
agdf,9709
eeai,9709
fhhj,9710
cbja,9711
fjdf,9711
icdg,9712
abbd,9713
ejic,9713
egfj,9715
egig,9717
hhfg,9718
jgja,9721
hbed,9722
hcge,9722
geeh,9723
agdi,9724
jgbd,9724
jjab,9724
cbgg,9725
jjci,9725
cgbg,9726
cifc,9726
aibb,9727
aieb,9727
bggb,9727
ijig,9728
egeh,9730
hbei,9730
edjc,9732
jcee,9732
hdjh,9734
cghi,9735
hbac,9738
cfba,9739
iehi,9740
ggjc,9741
hade,9741
chee,9742
aghf,9746
facc,9746
edej,9747
bdci,9749
fejf,9749
fgbh,9749
aefi,9750
hhhb,9750
fjeg,9751
ifih,9751
jbji,9752
bgii,9755
ijcc,9757
fhea,9762
ggge,9762
bfia,9763
cbhi,9763
jhcc,9763
hjid,9764
ihib,9764
addg,9765
dbag,9766
eceh,9766
djfe,9767
cggc,9768
edae,9768
ehdd,9769
ffia,9770
cigh,9771
acfc,9772
bfid,9773
cjaa,9776
fccb,9776
icfb,9778
dacd,9779
ciaj,9780
cjia,9780
djdd,9780
cajh,9782
hgab,9787
cibd,9788
deec,9788
chif,9790
ejah,9790
haha,9792
jcei,9794
eaae,1023
iahb,1023
aabj,1024
ieah,1024
gbfi,1027
igja,1028
ficj,1030
jcej,1030
fehf,1033
aieh,1034
bjed,9795
bfdi,9797
efgb,9797
heef,9799
fied,9800
bfjb,9803
fbbi,9803
hdfd,9803
ehef,9804
cffh,9808
iebi,9809
ijjd,9809
fade,9810
ahee,9813
cgci,9815
chbf,9820
dgjb,9820
hjgd,9820
abge,9821
bgej,9821
gcjb,9822
cfhj,9823
bada,9824
effi,9824
fbfd,9824
fgih,9825
ihae,9825
jhjb,9826
ieja,9827
abgh,9828
caab,9828
dgeh,9829
igeg,9830
bbej,9832
ddcb,9838
gbbf,9839
aaca,9840
bdaj,9841
gaci,9841
ajhf,9842
bdhh,9843
ddeg,9844
gecc,9847
bbgj,9850
edjj,9851
gfbd,9851
cjea,9854
adhf,9855
gcjj,9855
cjcg,9856
eggd,9856
bdgh,9857
ejcf,9859
jfei,9859
facf,9860
fbcd,9860
hebh,9860
jjch,9860
dgac,9861
ejjd,9862
hghd,9862
igdd,9862
cabf,9864
ifja,9866
aagh,9867
ddbj,9867
eafj,9867
cegb,9869
ceih,9870
dbch,9870
ebef,9872
cihc,9875
dfhb,9875
igdg,9875
edhg,9877
hagc,9877
hddg,9877
bbab,9878
bdhf,9878
jhgi,9879
hgdd,9881
aejh,9882
eagi,9885
figi,9885
jdai,9885
eiib,9889
eaeh,9890
cbgi,9892
jbea,9894
dccj,9895
dchi,9895
egbi,9896
gjfi,9896
ibbc,9899
giji,9901
jhef,9901
bifh,9902
befd,9903
ccdd,9905
hejc,9905
dach,1037
hegf,1038
hiib,1038
abhg,1043
accj,1044
bhhj,1044
hcie,1045
jfba,1046
cecg,1047
chcf,1047
ihde,9906
djad,9907
bagc,9910
chdh,9911
heai,9911
hebj,9911
jchd,9911
gfhj,9913
dgcj,9917
ieii,9917
jeea,9917
gabc,9919
ihdc,9919
ajif,9920
cheg,9921
ffbi,9921
jhdd,9921
aeic,9922
ajjb,9923
ejbc,9923
hecf,9925
higc,9925
aija,9930
fgei,9931
jhec,9932
cjbf,9934
egab,9935
bche,9936
aeha,9937
iabi,9937
aehg,9938
jhbd,9940
dfad,9942
agjj,9944
bcie,9944
ihhd,9944
jaag,9944
bfge,9947
cgec,9947
afaj,9948
cafa,9949
dffg,9951
adfh,9952
ifjj,9952
cadc,9953
giid,9953
idba,9953
jecf,9954
acge,9955
aedc,9956
jgbh,9956
cfhe,9958
ghgb,9958
hdfj,9960
jabb,9960
bhjj,9962
jfbi,9962
bihi,9964
aijc,9965
ajfd,9965
bjab,9965
bjjc,9966
ggdf,9966
dbda,9967
cffb,9969
jhbe,9969
ecbg,9970
ebfc,9972
fidj,9974
fefa,9975
ehcj,9976
bdah,9978
iggg,9978
cedc,9979
gjjj,9980
bfdh,9981
gfja,9983
afad,9984
ebhi,9984
ecac,9984
hibe,9984
jhic,9984
cjif,9985
eejd,9985
ghgf,9985
cjfj,9986
jafj,9986
ahba,9987
jgai,9987
gbfa,9988
bdfc,9990
egcb,9990
hhca,9992
adde,9993
djdj,9993
hjcd,9993
iffh,9995
gcec,9996
bcci,9998
jbdi,9998
